-- phpMyAdmin SQL Dump
-- version 4.6.6
-- https://www.phpmyadmin.net/
--
-- Host: 127.0.0.1
-- Generation Time: 2020-11-23 14:53:13
-- 服务器版本： 5.7.17-log
-- PHP Version: 7.3.11

SET SQL_MODE = "NO_AUTO_VALUE_ON_ZERO";
SET time_zone = "+00:00";


/*!40101 SET @OLD_CHARACTER_SET_CLIENT=@@CHARACTER_SET_CLIENT */;
/*!40101 SET @OLD_CHARACTER_SET_RESULTS=@@CHARACTER_SET_RESULTS */;
/*!40101 SET @OLD_COLLATION_CONNECTION=@@COLLATION_CONNECTION */;
/*!40101 SET NAMES utf8mb4 */;

--
-- Database: `esjadmin`
--
CREATE DATABASE IF NOT EXISTS `esjadmin` DEFAULT CHARACTER SET utf8 COLLATE utf8_general_ci;
USE `esjadmin`;

-- --------------------------------------------------------

--
-- 表的结构 `article`
--

CREATE TABLE `article` (
  `id` bigint(20) UNSIGNED NOT NULL,
  `title` varchar(255) NOT NULL DEFAULT '' COMMENT '名称',
  `category_id` int(11) NOT NULL COMMENT '分类id',
  `cover_picture` varchar(255) NOT NULL DEFAULT '' COMMENT '封面图片',
  `link` varchar(255) NOT NULL COMMENT '链接地址',
  `summary` text COMMENT '摘要',
  `detail` mediumtext COMMENT '详情',
  `status` tinyint(4) NOT NULL DEFAULT '1' COMMENT '状态：-1,删除；0，待审核；1，正常',
  `create_time` datetime NOT NULL,
  `update_time` datetime DEFAULT NULL
) ENGINE=InnoDB DEFAULT CHARSET=utf8;

--
-- 转存表中的数据 `article`
--

INSERT INTO `article` (`id`, `title`, `category_id`, `cover_picture`, `link`, `summary`, `detail`, `status`, `create_time`, `update_time`) VALUES
(1, '不让中国人来就安全？特朗普政府：已撤销1000多名中国公民签证', 1, '2019/07/07/16262596838.jpg', '', '美国又拿“国家安全”说事，对中国学生有了新动作。据路透社10日报道，美国国务院一名发言人当地时间9日表示，根据一份5月29日的总统公告，美方已经撤销了1000多名中国公民的签证，以暂停被视为具有“安全风险”的学生和研究人员从中国入境。', '路透社：美国已经撤销1000多名被认为存在“安全风险”的中国公民的签证\n\n路透社在报道中表示，美国国务院发言人称，这是在5月29日特朗普宣布的一项公告下采取的签证行动，以回应中国出台香港国安法。该发言人称，“截至2020年9月8日，（美国）国务院已经撤销了1000多名中国公民的签证，这些人被认定是受10043号总统公告影响，因此没有获得签证资格。”\n\n不过报道称，该发言人还表示，“不合格的高风险研究生和研究学者”仅代表赴美学习和研究的中国人的“一小部分”，而“合法的学生和学者将仍受到欢迎”。\n\n早些时候，美国国土安全部代理部长查德·沃尔夫在一次讲话中宣称，华盛顿方面正在阻止“某些与中国军事融合战略有关联的中国研究生和研究人员的签证，以防止他们窃取或以其他方式盗用敏感研究成果”。\n\n\n美国国土安全部 资料图\n\n此外，沃尔夫在讲话中重申了美国对中国所谓“不公正的商业行为和工业间谍活动”的指控，包括试图窃取新冠病毒研究成果，并指责中国滥用学生签证，利用美国学术界。\n\n路透社称，一些在美国大学就读的中国学生早前表示，他们周三收到了美国驻华大使馆或美国驻华领事馆发送的电子邮件通知，通知他们签证已被取消。\n\n报道称，近50名持有F-1学术签证的学生，包括研究生和本科生，在微信聊天室里说，这些通知表示，如果他们想前往美国，他们将必须申请新的签证。聊天室里的许多人称他们主修的是科学、技术、工程和数学等学科。一些人说，他们是在与中国人民解放军有联系的中国大学获得学士学位的研究生。\n\n事实上，早在今年5月底、6月初，美方就已对部分中国学生“下了黑手”。美国政府当时宣布对部分中国留学人员赴美学习采取限制措施，一些美国政客又发表了一系列针对中国留学人员的负面言论。\n\n对此，中国教育部当时回应称，中方坚决反对美国政府出台限制中国留学人员的错误做法，坚决反对将正常的留学交流政治化和污名化。美国领导人多次公开表示欢迎中国学生赴美留学，美方出台相关措施是自相矛盾、自食其言。中方敦促美方回归理性，尊重民意，多做有利于增进中美人民相互交流和理解的事情。我们将继续支持中美学生交流，欢迎包括美国在内的各国学生来华学习深造。', 1, '2014-12-04 12:06:31', '2019-07-07 16:26:48'),
(2, '不让中国人来就安全？特朗普政府：已撤销1000多名中国公民签证', 1, '2019/07/07/16271317159.jpg', '', '美国又拿“国家安全”说事，对中国学生有了新动作。据路透社10日报道，美国国务院一名发言人当地时间9日表示，根据一份5月29日的总统公告，美方已经撤销了1000多名中国公民的签证，以暂停被视为具有“安全风险”的学生和研究人员从中国入境。', '路透社：美国已经撤销1000多名被认为存在“安全风险”的中国公民的签证\n\n路透社在报道中表示，美国国务院发言人称，这是在5月29日特朗普宣布的一项公告下采取的签证行动，以回应中国出台香港国安法。该发言人称，“截至2020年9月8日，（美国）国务院已经撤销了1000多名中国公民的签证，这些人被认定是受10043号总统公告影响，因此没有获得签证资格。”\n\n不过报道称，该发言人还表示，“不合格的高风险研究生和研究学者”仅代表赴美学习和研究的中国人的“一小部分”，而“合法的学生和学者将仍受到欢迎”。\n\n早些时候，美国国土安全部代理部长查德·沃尔夫在一次讲话中宣称，华盛顿方面正在阻止“某些与中国军事融合战略有关联的中国研究生和研究人员的签证，以防止他们窃取或以其他方式盗用敏感研究成果”。\n\n\n美国国土安全部 资料图\n\n此外，沃尔夫在讲话中重申了美国对中国所谓“不公正的商业行为和工业间谍活动”的指控，包括试图窃取新冠病毒研究成果，并指责中国滥用学生签证，利用美国学术界。\n\n路透社称，一些在美国大学就读的中国学生早前表示，他们周三收到了美国驻华大使馆或美国驻华领事馆发送的电子邮件通知，通知他们签证已被取消。\n\n报道称，近50名持有F-1学术签证的学生，包括研究生和本科生，在微信聊天室里说，这些通知表示，如果他们想前往美国，他们将必须申请新的签证。聊天室里的许多人称他们主修的是科学、技术、工程和数学等学科。一些人说，他们是在与中国人民解放军有联系的中国大学获得学士学位的研究生。\n\n事实上，早在今年5月底、6月初，美方就已对部分中国学生“下了黑手”。美国政府当时宣布对部分中国留学人员赴美学习采取限制措施，一些美国政客又发表了一系列针对中国留学人员的负面言论。\n\n对此，中国教育部当时回应称，中方坚决反对美国政府出台限制中国留学人员的错误做法，坚决反对将正常的留学交流政治化和污名化。美国领导人多次公开表示欢迎中国学生赴美留学，美方出台相关措施是自相矛盾、自食其言。中方敦促美方回归理性，尊重民意，多做有利于增进中美人民相互交流和理解的事情。我们将继续支持中美学生交流，欢迎包括美国在内的各国学生来华学习深造。', 1, '2014-12-04 12:08:37', '2019-07-07 16:27:29'),
(3, '不让中国人来就安全？特朗普政府：已撤销1000多名中国公民签证', 1, '2019/07/07/16275855887.jpg', '', '美国又拿“国家安全”说事，对中国学生有了新动作。据路透社10日报道，美国国务院一名发言人当地时间9日表示，根据一份5月29日的总统公告，美方已经撤销了1000多名中国公民的签证，以暂停被视为具有“安全风险”的学生和研究人员从中国入境。', '路透社：美国已经撤销1000多名被认为存在“安全风险”的中国公民的签证\n\n路透社在报道中表示，美国国务院发言人称，这是在5月29日特朗普宣布的一项公告下采取的签证行动，以回应中国出台香港国安法。该发言人称，“截至2020年9月8日，（美国）国务院已经撤销了1000多名中国公民的签证，这些人被认定是受10043号总统公告影响，因此没有获得签证资格。”\n\n不过报道称，该发言人还表示，“不合格的高风险研究生和研究学者”仅代表赴美学习和研究的中国人的“一小部分”，而“合法的学生和学者将仍受到欢迎”。\n\n早些时候，美国国土安全部代理部长查德·沃尔夫在一次讲话中宣称，华盛顿方面正在阻止“某些与中国军事融合战略有关联的中国研究生和研究人员的签证，以防止他们窃取或以其他方式盗用敏感研究成果”。\n\n\n美国国土安全部 资料图\n\n此外，沃尔夫在讲话中重申了美国对中国所谓“不公正的商业行为和工业间谍活动”的指控，包括试图窃取新冠病毒研究成果，并指责中国滥用学生签证，利用美国学术界。\n\n路透社称，一些在美国大学就读的中国学生早前表示，他们周三收到了美国驻华大使馆或美国驻华领事馆发送的电子邮件通知，通知他们签证已被取消。\n\n报道称，近50名持有F-1学术签证的学生，包括研究生和本科生，在微信聊天室里说，这些通知表示，如果他们想前往美国，他们将必须申请新的签证。聊天室里的许多人称他们主修的是科学、技术、工程和数学等学科。一些人说，他们是在与中国人民解放军有联系的中国大学获得学士学位的研究生。\n\n事实上，早在今年5月底、6月初，美方就已对部分中国学生“下了黑手”。美国政府当时宣布对部分中国留学人员赴美学习采取限制措施，一些美国政客又发表了一系列针对中国留学人员的负面言论。\n\n对此，中国教育部当时回应称，中方坚决反对美国政府出台限制中国留学人员的错误做法，坚决反对将正常的留学交流政治化和污名化。美国领导人多次公开表示欢迎中国学生赴美留学，美方出台相关措施是自相矛盾、自食其言。中方敦促美方回归理性，尊重民意，多做有利于增进中美人民相互交流和理解的事情。我们将继续支持中美学生交流，欢迎包括美国在内的各国学生来华学习深造。', 1, '2014-12-07 15:42:36', '2019-07-07 16:28:12'),
(4, '不让中国人来就安全？特朗普政府：已撤销1000多名中国公民签证', 1, '2019/07/07/16290541284.jpg', '', '美国又拿“国家安全”说事，对中国学生有了新动作。据路透社10日报道，美国国务院一名发言人当地时间9日表示，根据一份5月29日的总统公告，美方已经撤销了1000多名中国公民的签证，以暂停被视为具有“安全风险”的学生和研究人员从中国入境。', '路透社：美国已经撤销1000多名被认为存在“安全风险”的中国公民的签证\n\n路透社在报道中表示，美国国务院发言人称，这是在5月29日特朗普宣布的一项公告下采取的签证行动，以回应中国出台香港国安法。该发言人称，“截至2020年9月8日，（美国）国务院已经撤销了1000多名中国公民的签证，这些人被认定是受10043号总统公告影响，因此没有获得签证资格。”\n\n不过报道称，该发言人还表示，“不合格的高风险研究生和研究学者”仅代表赴美学习和研究的中国人的“一小部分”，而“合法的学生和学者将仍受到欢迎”。\n\n早些时候，美国国土安全部代理部长查德·沃尔夫在一次讲话中宣称，华盛顿方面正在阻止“某些与中国军事融合战略有关联的中国研究生和研究人员的签证，以防止他们窃取或以其他方式盗用敏感研究成果”。\n\n\n美国国土安全部 资料图\n\n此外，沃尔夫在讲话中重申了美国对中国所谓“不公正的商业行为和工业间谍活动”的指控，包括试图窃取新冠病毒研究成果，并指责中国滥用学生签证，利用美国学术界。\n\n路透社称，一些在美国大学就读的中国学生早前表示，他们周三收到了美国驻华大使馆或美国驻华领事馆发送的电子邮件通知，通知他们签证已被取消。\n\n报道称，近50名持有F-1学术签证的学生，包括研究生和本科生，在微信聊天室里说，这些通知表示，如果他们想前往美国，他们将必须申请新的签证。聊天室里的许多人称他们主修的是科学、技术、工程和数学等学科。一些人说，他们是在与中国人民解放军有联系的中国大学获得学士学位的研究生。\n\n事实上，早在今年5月底、6月初，美方就已对部分中国学生“下了黑手”。美国政府当时宣布对部分中国留学人员赴美学习采取限制措施，一些美国政客又发表了一系列针对中国留学人员的负面言论。\n\n对此，中国教育部当时回应称，中方坚决反对美国政府出台限制中国留学人员的错误做法，坚决反对将正常的留学交流政治化和污名化。美国领导人多次公开表示欢迎中国学生赴美留学，美方出台相关措施是自相矛盾、自食其言。中方敦促美方回归理性，尊重民意，多做有利于增进中美人民相互交流和理解的事情。我们将继续支持中美学生交流，欢迎包括美国在内的各国学生来华学习深造。', 1, '2015-05-07 16:29:08', NULL),
(5, '不让中国人来就安全？特朗普政府：已撤销1000多名中国公民签证', 1, '2019/07/07/16293966359.jpg', '', '美国又拿“国家安全”说事，对中国学生有了新动作。据路透社10日报道，美国国务院一名发言人当地时间9日表示，根据一份5月29日的总统公告，美方已经撤销了1000多名中国公民的签证，以暂停被视为具有“安全风险”的学生和研究人员从中国入境。', '路透社：美国已经撤销1000多名被认为存在“安全风险”的中国公民的签证\n\n路透社在报道中表示，美国国务院发言人称，这是在5月29日特朗普宣布的一项公告下采取的签证行动，以回应中国出台香港国安法。该发言人称，“截至2020年9月8日，（美国）国务院已经撤销了1000多名中国公民的签证，这些人被认定是受10043号总统公告影响，因此没有获得签证资格。”\n\n不过报道称，该发言人还表示，“不合格的高风险研究生和研究学者”仅代表赴美学习和研究的中国人的“一小部分”，而“合法的学生和学者将仍受到欢迎”。\n\n早些时候，美国国土安全部代理部长查德·沃尔夫在一次讲话中宣称，华盛顿方面正在阻止“某些与中国军事融合战略有关联的中国研究生和研究人员的签证，以防止他们窃取或以其他方式盗用敏感研究成果”。\n\n\n美国国土安全部 资料图\n\n此外，沃尔夫在讲话中重申了美国对中国所谓“不公正的商业行为和工业间谍活动”的指控，包括试图窃取新冠病毒研究成果，并指责中国滥用学生签证，利用美国学术界。\n\n路透社称，一些在美国大学就读的中国学生早前表示，他们周三收到了美国驻华大使馆或美国驻华领事馆发送的电子邮件通知，通知他们签证已被取消。\n\n报道称，近50名持有F-1学术签证的学生，包括研究生和本科生，在微信聊天室里说，这些通知表示，如果他们想前往美国，他们将必须申请新的签证。聊天室里的许多人称他们主修的是科学、技术、工程和数学等学科。一些人说，他们是在与中国人民解放军有联系的中国大学获得学士学位的研究生。\n\n事实上，早在今年5月底、6月初，美方就已对部分中国学生“下了黑手”。美国政府当时宣布对部分中国留学人员赴美学习采取限制措施，一些美国政客又发表了一系列针对中国留学人员的负面言论。\n\n对此，中国教育部当时回应称，中方坚决反对美国政府出台限制中国留学人员的错误做法，坚决反对将正常的留学交流政治化和污名化。美国领导人多次公开表示欢迎中国学生赴美留学，美方出台相关措施是自相矛盾、自食其言。中方敦促美方回归理性，尊重民意，多做有利于增进中美人民相互交流和理解的事情。我们将继续支持中美学生交流，欢迎包括美国在内的各国学生来华学习深造。', 1, '2015-10-07 16:29:44', NULL),
(6, '不让中国人来就安全？特朗普政府：已撤销1000多名中国公民签证', 1, '2019/07/07/16311967597.jpg', '', '美国又拿“国家安全”说事，对中国学生有了新动作。据路透社10日报道，美国国务院一名发言人当地时间9日表示，根据一份5月29日的总统公告，美方已经撤销了1000多名中国公民的签证，以暂停被视为具有“安全风险”的学生和研究人员从中国入境。', '路透社：美国已经撤销1000多名被认为存在“安全风险”的中国公民的签证\n\n路透社在报道中表示，美国国务院发言人称，这是在5月29日特朗普宣布的一项公告下采取的签证行动，以回应中国出台香港国安法。该发言人称，“截至2020年9月8日，（美国）国务院已经撤销了1000多名中国公民的签证，这些人被认定是受10043号总统公告影响，因此没有获得签证资格。”\n\n不过报道称，该发言人还表示，“不合格的高风险研究生和研究学者”仅代表赴美学习和研究的中国人的“一小部分”，而“合法的学生和学者将仍受到欢迎”。\n\n早些时候，美国国土安全部代理部长查德·沃尔夫在一次讲话中宣称，华盛顿方面正在阻止“某些与中国军事融合战略有关联的中国研究生和研究人员的签证，以防止他们窃取或以其他方式盗用敏感研究成果”。\n\n\n美国国土安全部 资料图\n\n此外，沃尔夫在讲话中重申了美国对中国所谓“不公正的商业行为和工业间谍活动”的指控，包括试图窃取新冠病毒研究成果，并指责中国滥用学生签证，利用美国学术界。\n\n路透社称，一些在美国大学就读的中国学生早前表示，他们周三收到了美国驻华大使馆或美国驻华领事馆发送的电子邮件通知，通知他们签证已被取消。\n\n报道称，近50名持有F-1学术签证的学生，包括研究生和本科生，在微信聊天室里说，这些通知表示，如果他们想前往美国，他们将必须申请新的签证。聊天室里的许多人称他们主修的是科学、技术、工程和数学等学科。一些人说，他们是在与中国人民解放军有联系的中国大学获得学士学位的研究生。\n\n事实上，早在今年5月底、6月初，美方就已对部分中国学生“下了黑手”。美国政府当时宣布对部分中国留学人员赴美学习采取限制措施，一些美国政客又发表了一系列针对中国留学人员的负面言论。\n\n对此，中国教育部当时回应称，中方坚决反对美国政府出台限制中国留学人员的错误做法，坚决反对将正常的留学交流政治化和污名化。美国领导人多次公开表示欢迎中国学生赴美留学，美方出台相关措施是自相矛盾、自食其言。中方敦促美方回归理性，尊重民意，多做有利于增进中美人民相互交流和理解的事情。我们将继续支持中美学生交流，欢迎包括美国在内的各国学生来华学习深造。', 1, '2015-11-07 16:31:22', NULL),
(7, '不让中国人来就安全？特朗普政府：已撤销1000多名中国公民签证', 1, '2019/07/07/16314969783.jpg', '', '美国又拿“国家安全”说事，对中国学生有了新动作。据路透社10日报道，美国国务院一名发言人当地时间9日表示，根据一份5月29日的总统公告，美方已经撤销了1000多名中国公民的签证，以暂停被视为具有“安全风险”的学生和研究人员从中国入境。', '路透社：美国已经撤销1000多名被认为存在“安全风险”的中国公民的签证\n\n路透社在报道中表示，美国国务院发言人称，这是在5月29日特朗普宣布的一项公告下采取的签证行动，以回应中国出台香港国安法。该发言人称，“截至2020年9月8日，（美国）国务院已经撤销了1000多名中国公民的签证，这些人被认定是受10043号总统公告影响，因此没有获得签证资格。”\n\n不过报道称，该发言人还表示，“不合格的高风险研究生和研究学者”仅代表赴美学习和研究的中国人的“一小部分”，而“合法的学生和学者将仍受到欢迎”。\n\n早些时候，美国国土安全部代理部长查德·沃尔夫在一次讲话中宣称，华盛顿方面正在阻止“某些与中国军事融合战略有关联的中国研究生和研究人员的签证，以防止他们窃取或以其他方式盗用敏感研究成果”。\n\n\n美国国土安全部 资料图\n\n此外，沃尔夫在讲话中重申了美国对中国所谓“不公正的商业行为和工业间谍活动”的指控，包括试图窃取新冠病毒研究成果，并指责中国滥用学生签证，利用美国学术界。\n\n路透社称，一些在美国大学就读的中国学生早前表示，他们周三收到了美国驻华大使馆或美国驻华领事馆发送的电子邮件通知，通知他们签证已被取消。\n\n报道称，近50名持有F-1学术签证的学生，包括研究生和本科生，在微信聊天室里说，这些通知表示，如果他们想前往美国，他们将必须申请新的签证。聊天室里的许多人称他们主修的是科学、技术、工程和数学等学科。一些人说，他们是在与中国人民解放军有联系的中国大学获得学士学位的研究生。\n\n事实上，早在今年5月底、6月初，美方就已对部分中国学生“下了黑手”。美国政府当时宣布对部分中国留学人员赴美学习采取限制措施，一些美国政客又发表了一系列针对中国留学人员的负面言论。\n\n对此，中国教育部当时回应称，中方坚决反对美国政府出台限制中国留学人员的错误做法，坚决反对将正常的留学交流政治化和污名化。美国领导人多次公开表示欢迎中国学生赴美留学，美方出台相关措施是自相矛盾、自食其言。中方敦促美方回归理性，尊重民意，多做有利于增进中美人民相互交流和理解的事情。我们将继续支持中美学生交流，欢迎包括美国在内的各国学生来华学习深造。', 1, '2015-11-07 16:31:22', NULL),
(8, '不让中国人来就安全？特朗普政府：已撤销1000多名中国公民签证', 1, '2019/07/07/16322119090.jpg', '', '美国又拿“国家安全”说事，对中国学生有了新动作。据路透社10日报道，美国国务院一名发言人当地时间9日表示，根据一份5月29日的总统公告，美方已经撤销了1000多名中国公民的签证，以暂停被视为具有“安全风险”的学生和研究人员从中国入境。', '路透社：美国已经撤销1000多名被认为存在“安全风险”的中国公民的签证\n\n路透社在报道中表示，美国国务院发言人称，这是在5月29日特朗普宣布的一项公告下采取的签证行动，以回应中国出台香港国安法。该发言人称，“截至2020年9月8日，（美国）国务院已经撤销了1000多名中国公民的签证，这些人被认定是受10043号总统公告影响，因此没有获得签证资格。”\n\n不过报道称，该发言人还表示，“不合格的高风险研究生和研究学者”仅代表赴美学习和研究的中国人的“一小部分”，而“合法的学生和学者将仍受到欢迎”。\n\n早些时候，美国国土安全部代理部长查德·沃尔夫在一次讲话中宣称，华盛顿方面正在阻止“某些与中国军事融合战略有关联的中国研究生和研究人员的签证，以防止他们窃取或以其他方式盗用敏感研究成果”。\n\n\n美国国土安全部 资料图\n\n此外，沃尔夫在讲话中重申了美国对中国所谓“不公正的商业行为和工业间谍活动”的指控，包括试图窃取新冠病毒研究成果，并指责中国滥用学生签证，利用美国学术界。\n\n路透社称，一些在美国大学就读的中国学生早前表示，他们周三收到了美国驻华大使馆或美国驻华领事馆发送的电子邮件通知，通知他们签证已被取消。\n\n报道称，近50名持有F-1学术签证的学生，包括研究生和本科生，在微信聊天室里说，这些通知表示，如果他们想前往美国，他们将必须申请新的签证。聊天室里的许多人称他们主修的是科学、技术、工程和数学等学科。一些人说，他们是在与中国人民解放军有联系的中国大学获得学士学位的研究生。\n\n事实上，早在今年5月底、6月初，美方就已对部分中国学生“下了黑手”。美国政府当时宣布对部分中国留学人员赴美学习采取限制措施，一些美国政客又发表了一系列针对中国留学人员的负面言论。\n\n对此，中国教育部当时回应称，中方坚决反对美国政府出台限制中国留学人员的错误做法，坚决反对将正常的留学交流政治化和污名化。美国领导人多次公开表示欢迎中国学生赴美留学，美方出台相关措施是自相矛盾、自食其言。中方敦促美方回归理性，尊重民意，多做有利于增进中美人民相互交流和理解的事情。我们将继续支持中美学生交流，欢迎包括美国在内的各国学生来华学习深造。', 1, '2015-11-07 16:31:22', NULL),
(9, '不让中国人来就安全？特朗普政府：已撤销1000多名中国公民签证', 1, '2019/07/07/16325166165.jpg', '', '美国又拿“国家安全”说事，对中国学生有了新动作。据路透社10日报道，美国国务院一名发言人当地时间9日表示，根据一份5月29日的总统公告，美方已经撤销了1000多名中国公民的签证，以暂停被视为具有“安全风险”的学生和研究人员从中国入境。', '路透社：美国已经撤销1000多名被认为存在“安全风险”的中国公民的签证\n\n路透社在报道中表示，美国国务院发言人称，这是在5月29日特朗普宣布的一项公告下采取的签证行动，以回应中国出台香港国安法。该发言人称，“截至2020年9月8日，（美国）国务院已经撤销了1000多名中国公民的签证，这些人被认定是受10043号总统公告影响，因此没有获得签证资格。”\n\n不过报道称，该发言人还表示，“不合格的高风险研究生和研究学者”仅代表赴美学习和研究的中国人的“一小部分”，而“合法的学生和学者将仍受到欢迎”。\n\n早些时候，美国国土安全部代理部长查德·沃尔夫在一次讲话中宣称，华盛顿方面正在阻止“某些与中国军事融合战略有关联的中国研究生和研究人员的签证，以防止他们窃取或以其他方式盗用敏感研究成果”。\n\n\n美国国土安全部 资料图\n\n此外，沃尔夫在讲话中重申了美国对中国所谓“不公正的商业行为和工业间谍活动”的指控，包括试图窃取新冠病毒研究成果，并指责中国滥用学生签证，利用美国学术界。\n\n路透社称，一些在美国大学就读的中国学生早前表示，他们周三收到了美国驻华大使馆或美国驻华领事馆发送的电子邮件通知，通知他们签证已被取消。\n\n报道称，近50名持有F-1学术签证的学生，包括研究生和本科生，在微信聊天室里说，这些通知表示，如果他们想前往美国，他们将必须申请新的签证。聊天室里的许多人称他们主修的是科学、技术、工程和数学等学科。一些人说，他们是在与中国人民解放军有联系的中国大学获得学士学位的研究生。\n\n事实上，早在今年5月底、6月初，美方就已对部分中国学生“下了黑手”。美国政府当时宣布对部分中国留学人员赴美学习采取限制措施，一些美国政客又发表了一系列针对中国留学人员的负面言论。\n\n对此，中国教育部当时回应称，中方坚决反对美国政府出台限制中国留学人员的错误做法，坚决反对将正常的留学交流政治化和污名化。美国领导人多次公开表示欢迎中国学生赴美留学，美方出台相关措施是自相矛盾、自食其言。中方敦促美方回归理性，尊重民意，多做有利于增进中美人民相互交流和理解的事情。我们将继续支持中美学生交流，欢迎包括美国在内的各国学生来华学习深造。', 1, '2015-11-07 16:31:22', NULL),
(10, '不让中国人来就安全？特朗普政府：已撤销1000多名中国公民签证', 1, '2019/07/07/16332659558.jpg', '', '美国又拿“国家安全”说事，对中国学生有了新动作。据路透社10日报道，美国国务院一名发言人当地时间9日表示，根据一份5月29日的总统公告，美方已经撤销了1000多名中国公民的签证，以暂停被视为具有“安全风险”的学生和研究人员从中国入境。', '路透社：美国已经撤销1000多名被认为存在“安全风险”的中国公民的签证\n\n路透社在报道中表示，美国国务院发言人称，这是在5月29日特朗普宣布的一项公告下采取的签证行动，以回应中国出台香港国安法。该发言人称，“截至2020年9月8日，（美国）国务院已经撤销了1000多名中国公民的签证，这些人被认定是受10043号总统公告影响，因此没有获得签证资格。”\n\n不过报道称，该发言人还表示，“不合格的高风险研究生和研究学者”仅代表赴美学习和研究的中国人的“一小部分”，而“合法的学生和学者将仍受到欢迎”。\n\n早些时候，美国国土安全部代理部长查德·沃尔夫在一次讲话中宣称，华盛顿方面正在阻止“某些与中国军事融合战略有关联的中国研究生和研究人员的签证，以防止他们窃取或以其他方式盗用敏感研究成果”。\n\n\n美国国土安全部 资料图\n\n此外，沃尔夫在讲话中重申了美国对中国所谓“不公正的商业行为和工业间谍活动”的指控，包括试图窃取新冠病毒研究成果，并指责中国滥用学生签证，利用美国学术界。\n\n路透社称，一些在美国大学就读的中国学生早前表示，他们周三收到了美国驻华大使馆或美国驻华领事馆发送的电子邮件通知，通知他们签证已被取消。\n\n报道称，近50名持有F-1学术签证的学生，包括研究生和本科生，在微信聊天室里说，这些通知表示，如果他们想前往美国，他们将必须申请新的签证。聊天室里的许多人称他们主修的是科学、技术、工程和数学等学科。一些人说，他们是在与中国人民解放军有联系的中国大学获得学士学位的研究生。\n\n事实上，早在今年5月底、6月初，美方就已对部分中国学生“下了黑手”。美国政府当时宣布对部分中国留学人员赴美学习采取限制措施，一些美国政客又发表了一系列针对中国留学人员的负面言论。\n\n对此，中国教育部当时回应称，中方坚决反对美国政府出台限制中国留学人员的错误做法，坚决反对将正常的留学交流政治化和污名化。美国领导人多次公开表示欢迎中国学生赴美留学，美方出台相关措施是自相矛盾、自食其言。中方敦促美方回归理性，尊重民意，多做有利于增进中美人民相互交流和理解的事情。我们将继续支持中美学生交流，欢迎包括美国在内的各国学生来华学习深造。', 1, '2015-12-07 16:31:22', NULL),
(11, '不让中国人来就安全？特朗普政府：已撤销1000多名中国公民签证', 1, '2019/07/07/16342016238.jpg', '', '美国又拿“国家安全”说事，对中国学生有了新动作。据路透社10日报道，美国国务院一名发言人当地时间9日表示，根据一份5月29日的总统公告，美方已经撤销了1000多名中国公民的签证，以暂停被视为具有“安全风险”的学生和研究人员从中国入境。', '路透社：美国已经撤销1000多名被认为存在“安全风险”的中国公民的签证\n\n路透社在报道中表示，美国国务院发言人称，这是在5月29日特朗普宣布的一项公告下采取的签证行动，以回应中国出台香港国安法。该发言人称，“截至2020年9月8日，（美国）国务院已经撤销了1000多名中国公民的签证，这些人被认定是受10043号总统公告影响，因此没有获得签证资格。”\n\n不过报道称，该发言人还表示，“不合格的高风险研究生和研究学者”仅代表赴美学习和研究的中国人的“一小部分”，而“合法的学生和学者将仍受到欢迎”。\n\n早些时候，美国国土安全部代理部长查德·沃尔夫在一次讲话中宣称，华盛顿方面正在阻止“某些与中国军事融合战略有关联的中国研究生和研究人员的签证，以防止他们窃取或以其他方式盗用敏感研究成果”。\n\n\n美国国土安全部 资料图\n\n此外，沃尔夫在讲话中重申了美国对中国所谓“不公正的商业行为和工业间谍活动”的指控，包括试图窃取新冠病毒研究成果，并指责中国滥用学生签证，利用美国学术界。\n\n路透社称，一些在美国大学就读的中国学生早前表示，他们周三收到了美国驻华大使馆或美国驻华领事馆发送的电子邮件通知，通知他们签证已被取消。\n\n报道称，近50名持有F-1学术签证的学生，包括研究生和本科生，在微信聊天室里说，这些通知表示，如果他们想前往美国，他们将必须申请新的签证。聊天室里的许多人称他们主修的是科学、技术、工程和数学等学科。一些人说，他们是在与中国人民解放军有联系的中国大学获得学士学位的研究生。\n\n事实上，早在今年5月底、6月初，美方就已对部分中国学生“下了黑手”。美国政府当时宣布对部分中国留学人员赴美学习采取限制措施，一些美国政客又发表了一系列针对中国留学人员的负面言论。\n\n对此，中国教育部当时回应称，中方坚决反对美国政府出台限制中国留学人员的错误做法，坚决反对将正常的留学交流政治化和污名化。美国领导人多次公开表示欢迎中国学生赴美留学，美方出台相关措施是自相矛盾、自食其言。中方敦促美方回归理性，尊重民意，多做有利于增进中美人民相互交流和理解的事情。我们将继续支持中美学生交流，欢迎包括美国在内的各国学生来华学习深造。', 1, '2016-02-07 16:34:23', NULL),
(12, '不让中国人来就安全？特朗普政府：已撤销1000多名中国公民签证', 1, '2019/07/07/16344983726.jpg', '', '美国又拿“国家安全”说事，对中国学生有了新动作。据路透社10日报道，美国国务院一名发言人当地时间9日表示，根据一份5月29日的总统公告，美方已经撤销了1000多名中国公民的签证，以暂停被视为具有“安全风险”的学生和研究人员从中国入境。', '路透社：美国已经撤销1000多名被认为存在“安全风险”的中国公民的签证\n\n路透社在报道中表示，美国国务院发言人称，这是在5月29日特朗普宣布的一项公告下采取的签证行动，以回应中国出台香港国安法。该发言人称，“截至2020年9月8日，（美国）国务院已经撤销了1000多名中国公民的签证，这些人被认定是受10043号总统公告影响，因此没有获得签证资格。”\n\n不过报道称，该发言人还表示，“不合格的高风险研究生和研究学者”仅代表赴美学习和研究的中国人的“一小部分”，而“合法的学生和学者将仍受到欢迎”。\n\n早些时候，美国国土安全部代理部长查德·沃尔夫在一次讲话中宣称，华盛顿方面正在阻止“某些与中国军事融合战略有关联的中国研究生和研究人员的签证，以防止他们窃取或以其他方式盗用敏感研究成果”。\n\n\n美国国土安全部 资料图\n\n此外，沃尔夫在讲话中重申了美国对中国所谓“不公正的商业行为和工业间谍活动”的指控，包括试图窃取新冠病毒研究成果，并指责中国滥用学生签证，利用美国学术界。\n\n路透社称，一些在美国大学就读的中国学生早前表示，他们周三收到了美国驻华大使馆或美国驻华领事馆发送的电子邮件通知，通知他们签证已被取消。\n\n报道称，近50名持有F-1学术签证的学生，包括研究生和本科生，在微信聊天室里说，这些通知表示，如果他们想前往美国，他们将必须申请新的签证。聊天室里的许多人称他们主修的是科学、技术、工程和数学等学科。一些人说，他们是在与中国人民解放军有联系的中国大学获得学士学位的研究生。\n\n事实上，早在今年5月底、6月初，美方就已对部分中国学生“下了黑手”。美国政府当时宣布对部分中国留学人员赴美学习采取限制措施，一些美国政客又发表了一系列针对中国留学人员的负面言论。\n\n对此，中国教育部当时回应称，中方坚决反对美国政府出台限制中国留学人员的错误做法，坚决反对将正常的留学交流政治化和污名化。美国领导人多次公开表示欢迎中国学生赴美留学，美方出台相关措施是自相矛盾、自食其言。中方敦促美方回归理性，尊重民意，多做有利于增进中美人民相互交流和理解的事情。我们将继续支持中美学生交流，欢迎包括美国在内的各国学生来华学习深造。', 1, '2016-05-07 16:34:54', NULL),
(13, '不让中国人来就安全？特朗普政府：已撤销1000多名中国公民签证', 1, '2019/07/07/16352021929.jpg', '', '美国又拿“国家安全”说事，对中国学生有了新动作。据路透社10日报道，美国国务院一名发言人当地时间9日表示，根据一份5月29日的总统公告，美方已经撤销了1000多名中国公民的签证，以暂停被视为具有“安全风险”的学生和研究人员从中国入境。', '路透社：美国已经撤销1000多名被认为存在“安全风险”的中国公民的签证\n\n路透社在报道中表示，美国国务院发言人称，这是在5月29日特朗普宣布的一项公告下采取的签证行动，以回应中国出台香港国安法。该发言人称，“截至2020年9月8日，（美国）国务院已经撤销了1000多名中国公民的签证，这些人被认定是受10043号总统公告影响，因此没有获得签证资格。”\n\n不过报道称，该发言人还表示，“不合格的高风险研究生和研究学者”仅代表赴美学习和研究的中国人的“一小部分”，而“合法的学生和学者将仍受到欢迎”。\n\n早些时候，美国国土安全部代理部长查德·沃尔夫在一次讲话中宣称，华盛顿方面正在阻止“某些与中国军事融合战略有关联的中国研究生和研究人员的签证，以防止他们窃取或以其他方式盗用敏感研究成果”。\n\n\n美国国土安全部 资料图\n\n此外，沃尔夫在讲话中重申了美国对中国所谓“不公正的商业行为和工业间谍活动”的指控，包括试图窃取新冠病毒研究成果，并指责中国滥用学生签证，利用美国学术界。\n\n路透社称，一些在美国大学就读的中国学生早前表示，他们周三收到了美国驻华大使馆或美国驻华领事馆发送的电子邮件通知，通知他们签证已被取消。\n\n报道称，近50名持有F-1学术签证的学生，包括研究生和本科生，在微信聊天室里说，这些通知表示，如果他们想前往美国，他们将必须申请新的签证。聊天室里的许多人称他们主修的是科学、技术、工程和数学等学科。一些人说，他们是在与中国人民解放军有联系的中国大学获得学士学位的研究生。\n\n事实上，早在今年5月底、6月初，美方就已对部分中国学生“下了黑手”。美国政府当时宣布对部分中国留学人员赴美学习采取限制措施，一些美国政客又发表了一系列针对中国留学人员的负面言论。\n\n对此，中国教育部当时回应称，中方坚决反对美国政府出台限制中国留学人员的错误做法，坚决反对将正常的留学交流政治化和污名化。美国领导人多次公开表示欢迎中国学生赴美留学，美方出台相关措施是自相矛盾、自食其言。中方敦促美方回归理性，尊重民意，多做有利于增进中美人民相互交流和理解的事情。我们将继续支持中美学生交流，欢迎包括美国在内的各国学生来华学习深造。', 1, '2016-09-07 16:35:22', NULL),
(14, '不让中国人来就安全？特朗普政府：已撤销1000多名中国公民签证', 1, '2019/07/07/16355062354.jpg', '', '美国又拿“国家安全”说事，对中国学生有了新动作。据路透社10日报道，美国国务院一名发言人当地时间9日表示，根据一份5月29日的总统公告，美方已经撤销了1000多名中国公民的签证，以暂停被视为具有“安全风险”的学生和研究人员从中国入境。', '路透社：美国已经撤销1000多名被认为存在“安全风险”的中国公民的签证\n\n路透社在报道中表示，美国国务院发言人称，这是在5月29日特朗普宣布的一项公告下采取的签证行动，以回应中国出台香港国安法。该发言人称，“截至2020年9月8日，（美国）国务院已经撤销了1000多名中国公民的签证，这些人被认定是受10043号总统公告影响，因此没有获得签证资格。”\n\n不过报道称，该发言人还表示，“不合格的高风险研究生和研究学者”仅代表赴美学习和研究的中国人的“一小部分”，而“合法的学生和学者将仍受到欢迎”。\n\n早些时候，美国国土安全部代理部长查德·沃尔夫在一次讲话中宣称，华盛顿方面正在阻止“某些与中国军事融合战略有关联的中国研究生和研究人员的签证，以防止他们窃取或以其他方式盗用敏感研究成果”。\n\n\n美国国土安全部 资料图\n\n此外，沃尔夫在讲话中重申了美国对中国所谓“不公正的商业行为和工业间谍活动”的指控，包括试图窃取新冠病毒研究成果，并指责中国滥用学生签证，利用美国学术界。\n\n路透社称，一些在美国大学就读的中国学生早前表示，他们周三收到了美国驻华大使馆或美国驻华领事馆发送的电子邮件通知，通知他们签证已被取消。\n\n报道称，近50名持有F-1学术签证的学生，包括研究生和本科生，在微信聊天室里说，这些通知表示，如果他们想前往美国，他们将必须申请新的签证。聊天室里的许多人称他们主修的是科学、技术、工程和数学等学科。一些人说，他们是在与中国人民解放军有联系的中国大学获得学士学位的研究生。\n\n事实上，早在今年5月底、6月初，美方就已对部分中国学生“下了黑手”。美国政府当时宣布对部分中国留学人员赴美学习采取限制措施，一些美国政客又发表了一系列针对中国留学人员的负面言论。\n\n对此，中国教育部当时回应称，中方坚决反对美国政府出台限制中国留学人员的错误做法，坚决反对将正常的留学交流政治化和污名化。美国领导人多次公开表示欢迎中国学生赴美留学，美方出台相关措施是自相矛盾、自食其言。中方敦促美方回归理性，尊重民意，多做有利于增进中美人民相互交流和理解的事情。我们将继续支持中美学生交流，欢迎包括美国在内的各国学生来华学习深造。', 1, '2016-09-07 16:35:55', NULL),
(15, '不让中国人来就安全？特朗普政府：已撤销1000多名中国公民签证', 1, '2019/07/07/16362342488.jpg', '', '美国又拿“国家安全”说事，对中国学生有了新动作。据路透社10日报道，美国国务院一名发言人当地时间9日表示，根据一份5月29日的总统公告，美方已经撤销了1000多名中国公民的签证，以暂停被视为具有“安全风险”的学生和研究人员从中国入境。', '路透社：美国已经撤销1000多名被认为存在“安全风险”的中国公民的签证\n\n路透社在报道中表示，美国国务院发言人称，这是在5月29日特朗普宣布的一项公告下采取的签证行动，以回应中国出台香港国安法。该发言人称，“截至2020年9月8日，（美国）国务院已经撤销了1000多名中国公民的签证，这些人被认定是受10043号总统公告影响，因此没有获得签证资格。”\n\n不过报道称，该发言人还表示，“不合格的高风险研究生和研究学者”仅代表赴美学习和研究的中国人的“一小部分”，而“合法的学生和学者将仍受到欢迎”。\n\n早些时候，美国国土安全部代理部长查德·沃尔夫在一次讲话中宣称，华盛顿方面正在阻止“某些与中国军事融合战略有关联的中国研究生和研究人员的签证，以防止他们窃取或以其他方式盗用敏感研究成果”。\n\n\n美国国土安全部 资料图\n\n此外，沃尔夫在讲话中重申了美国对中国所谓“不公正的商业行为和工业间谍活动”的指控，包括试图窃取新冠病毒研究成果，并指责中国滥用学生签证，利用美国学术界。\n\n路透社称，一些在美国大学就读的中国学生早前表示，他们周三收到了美国驻华大使馆或美国驻华领事馆发送的电子邮件通知，通知他们签证已被取消。\n\n报道称，近50名持有F-1学术签证的学生，包括研究生和本科生，在微信聊天室里说，这些通知表示，如果他们想前往美国，他们将必须申请新的签证。聊天室里的许多人称他们主修的是科学、技术、工程和数学等学科。一些人说，他们是在与中国人民解放军有联系的中国大学获得学士学位的研究生。\n\n事实上，早在今年5月底、6月初，美方就已对部分中国学生“下了黑手”。美国政府当时宣布对部分中国留学人员赴美学习采取限制措施，一些美国政客又发表了一系列针对中国留学人员的负面言论。\n\n对此，中国教育部当时回应称，中方坚决反对美国政府出台限制中国留学人员的错误做法，坚决反对将正常的留学交流政治化和污名化。美国领导人多次公开表示欢迎中国学生赴美留学，美方出台相关措施是自相矛盾、自食其言。中方敦促美方回归理性，尊重民意，多做有利于增进中美人民相互交流和理解的事情。我们将继续支持中美学生交流，欢迎包括美国在内的各国学生来华学习深造。', 1, '2016-10-07 16:36:27', NULL),
(16, '不让中国人来就安全？特朗普政府：已撤销1000多名中国公民签证', 1, '2019/07/07/16365538617.jpg', '', '美国又拿“国家安全”说事，对中国学生有了新动作。据路透社10日报道，美国国务院一名发言人当地时间9日表示，根据一份5月29日的总统公告，美方已经撤销了1000多名中国公民的签证，以暂停被视为具有“安全风险”的学生和研究人员从中国入境。', '路透社：美国已经撤销1000多名被认为存在“安全风险”的中国公民的签证\n\n路透社在报道中表示，美国国务院发言人称，这是在5月29日特朗普宣布的一项公告下采取的签证行动，以回应中国出台香港国安法。该发言人称，“截至2020年9月8日，（美国）国务院已经撤销了1000多名中国公民的签证，这些人被认定是受10043号总统公告影响，因此没有获得签证资格。”\n\n不过报道称，该发言人还表示，“不合格的高风险研究生和研究学者”仅代表赴美学习和研究的中国人的“一小部分”，而“合法的学生和学者将仍受到欢迎”。\n\n早些时候，美国国土安全部代理部长查德·沃尔夫在一次讲话中宣称，华盛顿方面正在阻止“某些与中国军事融合战略有关联的中国研究生和研究人员的签证，以防止他们窃取或以其他方式盗用敏感研究成果”。\n\n\n美国国土安全部 资料图\n\n此外，沃尔夫在讲话中重申了美国对中国所谓“不公正的商业行为和工业间谍活动”的指控，包括试图窃取新冠病毒研究成果，并指责中国滥用学生签证，利用美国学术界。\n\n路透社称，一些在美国大学就读的中国学生早前表示，他们周三收到了美国驻华大使馆或美国驻华领事馆发送的电子邮件通知，通知他们签证已被取消。\n\n报道称，近50名持有F-1学术签证的学生，包括研究生和本科生，在微信聊天室里说，这些通知表示，如果他们想前往美国，他们将必须申请新的签证。聊天室里的许多人称他们主修的是科学、技术、工程和数学等学科。一些人说，他们是在与中国人民解放军有联系的中国大学获得学士学位的研究生。\n\n事实上，早在今年5月底、6月初，美方就已对部分中国学生“下了黑手”。美国政府当时宣布对部分中国留学人员赴美学习采取限制措施，一些美国政客又发表了一系列针对中国留学人员的负面言论。\n\n对此，中国教育部当时回应称，中方坚决反对美国政府出台限制中国留学人员的错误做法，坚决反对将正常的留学交流政治化和污名化。美国领导人多次公开表示欢迎中国学生赴美留学，美方出台相关措施是自相矛盾、自食其言。中方敦促美方回归理性，尊重民意，多做有利于增进中美人民相互交流和理解的事情。我们将继续支持中美学生交流，欢迎包括美国在内的各国学生来华学习深造。', 1, '2017-04-07 16:36:59', NULL),
(17, '不让中国人来就安全？特朗普政府：已撤销1000多名中国公民签证', 1, '2019/07/07/16372462553.jpg', '', '美国又拿“国家安全”说事，对中国学生有了新动作。据路透社10日报道，美国国务院一名发言人当地时间9日表示，根据一份5月29日的总统公告，美方已经撤销了1000多名中国公民的签证，以暂停被视为具有“安全风险”的学生和研究人员从中国入境。', '路透社：美国已经撤销1000多名被认为存在“安全风险”的中国公民的签证\n\n路透社在报道中表示，美国国务院发言人称，这是在5月29日特朗普宣布的一项公告下采取的签证行动，以回应中国出台香港国安法。该发言人称，“截至2020年9月8日，（美国）国务院已经撤销了1000多名中国公民的签证，这些人被认定是受10043号总统公告影响，因此没有获得签证资格。”\n\n不过报道称，该发言人还表示，“不合格的高风险研究生和研究学者”仅代表赴美学习和研究的中国人的“一小部分”，而“合法的学生和学者将仍受到欢迎”。\n\n早些时候，美国国土安全部代理部长查德·沃尔夫在一次讲话中宣称，华盛顿方面正在阻止“某些与中国军事融合战略有关联的中国研究生和研究人员的签证，以防止他们窃取或以其他方式盗用敏感研究成果”。\n\n\n美国国土安全部 资料图\n\n此外，沃尔夫在讲话中重申了美国对中国所谓“不公正的商业行为和工业间谍活动”的指控，包括试图窃取新冠病毒研究成果，并指责中国滥用学生签证，利用美国学术界。\n\n路透社称，一些在美国大学就读的中国学生早前表示，他们周三收到了美国驻华大使馆或美国驻华领事馆发送的电子邮件通知，通知他们签证已被取消。\n\n报道称，近50名持有F-1学术签证的学生，包括研究生和本科生，在微信聊天室里说，这些通知表示，如果他们想前往美国，他们将必须申请新的签证。聊天室里的许多人称他们主修的是科学、技术、工程和数学等学科。一些人说，他们是在与中国人民解放军有联系的中国大学获得学士学位的研究生。\n\n事实上，早在今年5月底、6月初，美方就已对部分中国学生“下了黑手”。美国政府当时宣布对部分中国留学人员赴美学习采取限制措施，一些美国政客又发表了一系列针对中国留学人员的负面言论。\n\n对此，中国教育部当时回应称，中方坚决反对美国政府出台限制中国留学人员的错误做法，坚决反对将正常的留学交流政治化和污名化。美国领导人多次公开表示欢迎中国学生赴美留学，美方出台相关措施是自相矛盾、自食其言。中方敦促美方回归理性，尊重民意，多做有利于增进中美人民相互交流和理解的事情。我们将继续支持中美学生交流，欢迎包括美国在内的各国学生来华学习深造。', 1, '2017-06-07 16:37:27', NULL),
(18, '不让中国人来就安全？特朗普政府：已撤销1000多名中国公民签证', 1, '2019/07/07/16375523055.jpg', '', '美国又拿“国家安全”说事，对中国学生有了新动作。据路透社10日报道，美国国务院一名发言人当地时间9日表示，根据一份5月29日的总统公告，美方已经撤销了1000多名中国公民的签证，以暂停被视为具有“安全风险”的学生和研究人员从中国入境。', '路透社：美国已经撤销1000多名被认为存在“安全风险”的中国公民的签证\n\n路透社在报道中表示，美国国务院发言人称，这是在5月29日特朗普宣布的一项公告下采取的签证行动，以回应中国出台香港国安法。该发言人称，“截至2020年9月8日，（美国）国务院已经撤销了1000多名中国公民的签证，这些人被认定是受10043号总统公告影响，因此没有获得签证资格。”\n\n不过报道称，该发言人还表示，“不合格的高风险研究生和研究学者”仅代表赴美学习和研究的中国人的“一小部分”，而“合法的学生和学者将仍受到欢迎”。\n\n早些时候，美国国土安全部代理部长查德·沃尔夫在一次讲话中宣称，华盛顿方面正在阻止“某些与中国军事融合战略有关联的中国研究生和研究人员的签证，以防止他们窃取或以其他方式盗用敏感研究成果”。\n\n\n美国国土安全部 资料图\n\n此外，沃尔夫在讲话中重申了美国对中国所谓“不公正的商业行为和工业间谍活动”的指控，包括试图窃取新冠病毒研究成果，并指责中国滥用学生签证，利用美国学术界。\n\n路透社称，一些在美国大学就读的中国学生早前表示，他们周三收到了美国驻华大使馆或美国驻华领事馆发送的电子邮件通知，通知他们签证已被取消。\n\n报道称，近50名持有F-1学术签证的学生，包括研究生和本科生，在微信聊天室里说，这些通知表示，如果他们想前往美国，他们将必须申请新的签证。聊天室里的许多人称他们主修的是科学、技术、工程和数学等学科。一些人说，他们是在与中国人民解放军有联系的中国大学获得学士学位的研究生。\n\n事实上，早在今年5月底、6月初，美方就已对部分中国学生“下了黑手”。美国政府当时宣布对部分中国留学人员赴美学习采取限制措施，一些美国政客又发表了一系列针对中国留学人员的负面言论。\n\n对此，中国教育部当时回应称，中方坚决反对美国政府出台限制中国留学人员的错误做法，坚决反对将正常的留学交流政治化和污名化。美国领导人多次公开表示欢迎中国学生赴美留学，美方出台相关措施是自相矛盾、自食其言。中方敦促美方回归理性，尊重民意，多做有利于增进中美人民相互交流和理解的事情。我们将继续支持中美学生交流，欢迎包括美国在内的各国学生来华学习深造。', 1, '2017-08-07 16:37:59', NULL),
(19, '不让中国人来就安全？特朗普政府：已撤销1000多名中国公民签证', 1, '2019/07/07/16382445078.jpg', '', '美国又拿“国家安全”说事，对中国学生有了新动作。据路透社10日报道，美国国务院一名发言人当地时间9日表示，根据一份5月29日的总统公告，美方已经撤销了1000多名中国公民的签证，以暂停被视为具有“安全风险”的学生和研究人员从中国入境。', '路透社：美国已经撤销1000多名被认为存在“安全风险”的中国公民的签证\n\n路透社在报道中表示，美国国务院发言人称，这是在5月29日特朗普宣布的一项公告下采取的签证行动，以回应中国出台香港国安法。该发言人称，“截至2020年9月8日，（美国）国务院已经撤销了1000多名中国公民的签证，这些人被认定是受10043号总统公告影响，因此没有获得签证资格。”\n\n不过报道称，该发言人还表示，“不合格的高风险研究生和研究学者”仅代表赴美学习和研究的中国人的“一小部分”，而“合法的学生和学者将仍受到欢迎”。\n\n早些时候，美国国土安全部代理部长查德·沃尔夫在一次讲话中宣称，华盛顿方面正在阻止“某些与中国军事融合战略有关联的中国研究生和研究人员的签证，以防止他们窃取或以其他方式盗用敏感研究成果”。\n\n\n美国国土安全部 资料图\n\n此外，沃尔夫在讲话中重申了美国对中国所谓“不公正的商业行为和工业间谍活动”的指控，包括试图窃取新冠病毒研究成果，并指责中国滥用学生签证，利用美国学术界。\n\n路透社称，一些在美国大学就读的中国学生早前表示，他们周三收到了美国驻华大使馆或美国驻华领事馆发送的电子邮件通知，通知他们签证已被取消。\n\n报道称，近50名持有F-1学术签证的学生，包括研究生和本科生，在微信聊天室里说，这些通知表示，如果他们想前往美国，他们将必须申请新的签证。聊天室里的许多人称他们主修的是科学、技术、工程和数学等学科。一些人说，他们是在与中国人民解放军有联系的中国大学获得学士学位的研究生。\n\n事实上，早在今年5月底、6月初，美方就已对部分中国学生“下了黑手”。美国政府当时宣布对部分中国留学人员赴美学习采取限制措施，一些美国政客又发表了一系列针对中国留学人员的负面言论。\n\n对此，中国教育部当时回应称，中方坚决反对美国政府出台限制中国留学人员的错误做法，坚决反对将正常的留学交流政治化和污名化。美国领导人多次公开表示欢迎中国学生赴美留学，美方出台相关措施是自相矛盾、自食其言。中方敦促美方回归理性，尊重民意，多做有利于增进中美人民相互交流和理解的事情。我们将继续支持中美学生交流，欢迎包括美国在内的各国学生来华学习深造。', 1, '2017-08-07 16:37:59', NULL),
(20, '不让中国人来就安全？特朗普政府：已撤销1000多名中国公民签证', 1, 'http://localhost:8081/upload/images/2020/09/10/09151194120.png', '', '美国又拿“国家安全”说事，对中国学生有了新动作。据路透社10日报道，美国国务院一名发言人当地时间9日表示，根据一份5月29日的总统公告，美方已经撤销了1000多名中国公民的签证，以暂停被视为具有“安全风险”的学生和研究人员从中国入境。', '路透社：美国已经撤销1000多名被认为存在“安全风险”的中国公民的签证\n\n路透社在报道中表示，美国国务院发言人称，这是在5月29日特朗普宣布的一项公告下采取的签证行动，以回应中国出台香港国安法。该发言人称，“截至2020年9月8日，（美国）国务院已经撤销了1000多名中国公民的签证，这些人被认定是受10043号总统公告影响，因此没有获得签证资格。”\n\n不过报道称，该发言人还表示，“不合格的高风险研究生和研究学者”仅代表赴美学习和研究的中国人的“一小部分”，而“合法的学生和学者将仍受到欢迎”。\n\n早些时候，美国国土安全部代理部长查德·沃尔夫在一次讲话中宣称，华盛顿方面正在阻止“某些与中国军事融合战略有关联的中国研究生和研究人员的签证，以防止他们窃取或以其他方式盗用敏感研究成果”。\n\n\n美国国土安全部 资料图\n\n此外，沃尔夫在讲话中重申了美国对中国所谓“不公正的商业行为和工业间谍活动”的指控，包括试图窃取新冠病毒研究成果，并指责中国滥用学生签证，利用美国学术界。\n\n路透社称，一些在美国大学就读的中国学生早前表示，他们周三收到了美国驻华大使馆或美国驻华领事馆发送的电子邮件通知，通知他们签证已被取消。\n\n报道称，近50名持有F-1学术签证的学生，包括研究生和本科生，在微信聊天室里说，这些通知表示，如果他们想前往美国，他们将必须申请新的签证。聊天室里的许多人称他们主修的是科学、技术、工程和数学等学科。一些人说，他们是在与中国人民解放军有联系的中国大学获得学士学位的研究生。\n\n事实上，早在今年5月底、6月初，美方就已对部分中国学生“下了黑手”。美国政府当时宣布对部分中国留学人员赴美学习采取限制措施，一些美国政客又发表了一系列针对中国留学人员的负面言论。\n\n对此，中国教育部当时回应称，中方坚决反对美国政府出台限制中国留学人员的错误做法，坚决反对将正常的留学交流政治化和污名化。美国领导人多次公开表示欢迎中国学生赴美留学，美方出台相关措施是自相矛盾、自食其言。中方敦促美方回归理性，尊重民意，多做有利于增进中美人民相互交流和理解的事情。我们将继续支持中美学生交流，欢迎包括美国在内的各国学生来华学习深造。', 1, '2017-08-07 16:37:59', '2020-09-10 11:58:59'),
(22, '不让中国人来就安全？特朗普政府：已撤销1000多名中国公民签证', 3, '', '', '美国又拿“国家安全”说事，对中国学生有了新动作。据路透社10日报道，美国国务院一名发言人当地时间9日表示，根据一份5月29日的总统公告，美方已经撤销了1000多名中国公民的签证，以暂停被视为具有“安全风险”的学生和研究人员从中国入境。', '路透社：美国已经撤销1000多名被认为存在“安全风险”的中国公民的签证\n\n路透社在报道中表示，美国国务院发言人称，这是在5月29日特朗普宣布的一项公告下采取的签证行动，以回应中国出台香港国安法。该发言人称，“截至2020年9月8日，（美国）国务院已经撤销了1000多名中国公民的签证，这些人被认定是受10043号总统公告影响，因此没有获得签证资格。”\n\n不过报道称，该发言人还表示，“不合格的高风险研究生和研究学者”仅代表赴美学习和研究的中国人的“一小部分”，而“合法的学生和学者将仍受到欢迎”。\n\n早些时候，美国国土安全部代理部长查德·沃尔夫在一次讲话中宣称，华盛顿方面正在阻止“某些与中国军事融合战略有关联的中国研究生和研究人员的签证，以防止他们窃取或以其他方式盗用敏感研究成果”。\n\n\n美国国土安全部 资料图\n\n此外，沃尔夫在讲话中重申了美国对中国所谓“不公正的商业行为和工业间谍活动”的指控，包括试图窃取新冠病毒研究成果，并指责中国滥用学生签证，利用美国学术界。\n\n路透社称，一些在美国大学就读的中国学生早前表示，他们周三收到了美国驻华大使馆或美国驻华领事馆发送的电子邮件通知，通知他们签证已被取消。\n\n报道称，近50名持有F-1学术签证的学生，包括研究生和本科生，在微信聊天室里说，这些通知表示，如果他们想前往美国，他们将必须申请新的签证。聊天室里的许多人称他们主修的是科学、技术、工程和数学等学科。一些人说，他们是在与中国人民解放军有联系的中国大学获得学士学位的研究生。\n\n事实上，早在今年5月底、6月初，美方就已对部分中国学生“下了黑手”。美国政府当时宣布对部分中国留学人员赴美学习采取限制措施，一些美国政客又发表了一系列针对中国留学人员的负面言论。\n\n对此，中国教育部当时回应称，中方坚决反对美国政府出台限制中国留学人员的错误做法，坚决反对将正常的留学交流政治化和污名化。美国领导人多次公开表示欢迎中国学生赴美留学，美方出台相关措施是自相矛盾、自食其言。中方敦促美方回归理性，尊重民意，多做有利于增进中美人民相互交流和理解的事情。我们将继续支持中美学生交流，欢迎包括美国在内的各国学生来华学习深造。', 1, '2019-07-07 17:48:14', NULL),
(23, '不让中国人来就安全？特朗普政府：已撤销1000多名中国公民签证', 3, 'http://localhost:8081/upload/images/2020/09/10/09120047098.jpeg', '', '美国又拿“国家安全”说事，对中国学生有了新动作。据路透社10日报道，美国国务院一名发言人当地时间9日表示，根据一份5月29日的总统公告，美方已经撤销了1000多名中国公民的签证，以暂停被视为具有“安全风险”的学生和研究人员从中国入境。', '路透社：美国已经撤销1000多名被认为存在“安全风险”的中国公民的签证\n\n路透社在报道中表示，美国国务院发言人称，这是在5月29日特朗普宣布的一项公告下采取的签证行动，以回应中国出台香港国安法。该发言人称，“截至2020年9月8日，（美国）国务院已经撤销了1000多名中国公民的签证，这些人被认定是受10043号总统公告影响，因此没有获得签证资格。”\n\n不过报道称，该发言人还表示，“不合格的高风险研究生和研究学者”仅代表赴美学习和研究的中国人的“一小部分”，而“合法的学生和学者将仍受到欢迎”。\n\n早些时候，美国国土安全部代理部长查德·沃尔夫在一次讲话中宣称，华盛顿方面正在阻止“某些与中国军事融合战略有关联的中国研究生和研究人员的签证，以防止他们窃取或以其他方式盗用敏感研究成果”。\n\n\n美国国土安全部 资料图\n\n此外，沃尔夫在讲话中重申了美国对中国所谓“不公正的商业行为和工业间谍活动”的指控，包括试图窃取新冠病毒研究成果，并指责中国滥用学生签证，利用美国学术界。\n\n路透社称，一些在美国大学就读的中国学生早前表示，他们周三收到了美国驻华大使馆或美国驻华领事馆发送的电子邮件通知，通知他们签证已被取消。\n\n报道称，近50名持有F-1学术签证的学生，包括研究生和本科生，在微信聊天室里说，这些通知表示，如果他们想前往美国，他们将必须申请新的签证。聊天室里的许多人称他们主修的是科学、技术、工程和数学等学科。一些人说，他们是在与中国人民解放军有联系的中国大学获得学士学位的研究生。\n\n事实上，早在今年5月底、6月初，美方就已对部分中国学生“下了黑手”。美国政府当时宣布对部分中国留学人员赴美学习采取限制措施，一些美国政客又发表了一系列针对中国留学人员的负面言论。\n\n对此，中国教育部当时回应称，中方坚决反对美国政府出台限制中国留学人员的错误做法，坚决反对将正常的留学交流政治化和污名化。美国领导人多次公开表示欢迎中国学生赴美留学，美方出台相关措施是自相矛盾、自食其言。中方敦促美方回归理性，尊重民意，多做有利于增进中美人民相互交流和理解的事情。我们将继续支持中美学生交流，欢迎包括美国在内的各国学生来华学习深造。', 1, '2019-07-07 17:49:58', '2019-07-07 17:50:54'),
(26, '不让中国人来就安全？特朗普政府：已撤销1000多名中国公民签证abc', 3, 'http://localhost:8081/upload/images/2020/09/10/09151194120.png', '', '美国又拿“国家安全”说事，对中国学生有了新动作。据路透社10日报道，美国国务院一名发言人当地时间9日表示，根据一份5月29日的总统公告，美方已经撤销了1000多名中国公民的签证，以暂停被视为具有“安全风险”的学生和研究人员从中国入境。', '路透社：美国已经撤销1000多名被认为存在“安全风险”的中国公民的签证\n\n路透社在报道中表示，美国国务院发言人称，这是在5月29日特朗普宣布的一项公告下采取的签证行动，以回应中国出台香港国安法。该发言人称，“截至2020年9月8日，（美国）国务院已经撤销了1000多名中国公民的签证，这些人被认定是受10043号总统公告影响，因此没有获得签证资格。”\n\n不过报道称，该发言人还表示，“不合格的高风险研究生和研究学者”仅代表赴美学习和研究的中国人的“一小部分”，而“合法的学生和学者将仍受到欢迎”。\n\n早些时候，美国国土安全部代理部长查德·沃尔夫在一次讲话中宣称，华盛顿方面正在阻止“某些与中国军事融合战略有关联的中国研究生和研究人员的签证，以防止他们窃取或以其他方式盗用敏感研究成果”。\n\n\n美国国土安全部 资料图\n\n此外，沃尔夫在讲话中重申了美国对中国所谓“不公正的商业行为和工业间谍活动”的指控，包括试图窃取新冠病毒研究成果，并指责中国滥用学生签证，利用美国学术界。\n\n路透社称，一些在美国大学就读的中国学生早前表示，他们周三收到了美国驻华大使馆或美国驻华领事馆发送的电子邮件通知，通知他们签证已被取消。\n\n报道称，近50名持有F-1学术签证的学生，包括研究生和本科生，在微信聊天室里说，这些通知表示，如果他们想前往美国，他们将必须申请新的签证。聊天室里的许多人称他们主修的是科学、技术、工程和数学等学科。一些人说，他们是在与中国人民解放军有联系的中国大学获得学士学位的研究生。\n\n事实上，早在今年5月底、6月初，美方就已对部分中国学生“下了黑手”。美国政府当时宣布对部分中国留学人员赴美学习采取限制措施，一些美国政客又发表了一系列针对中国留学人员的负面言论。\n\n对此，中国教育部当时回应称，中方坚决反对美国政府出台限制中国留学人员的错误做法，坚决反对将正常的留学交流政治化和污名化。美国领导人多次公开表示欢迎中国学生赴美留学，美方出台相关措施是自相矛盾、自食其言。中方敦促美方回归理性，尊重民意，多做有利于增进中美人民相互交流和理解的事情。我们将继续支持中美学生交流，欢迎包括美国在内的各国学生来华学习深造。', 1, '2019-07-07 17:51:51', '2020-09-10 11:18:49'),
(27, 'zxczczxczxczxc2222', 3, '', '3333', '4444', '<p>文章默认的内容5555</p>', 1, '2020-11-21 01:34:17', '2020-11-21 01:42:04'),
(28, 'asdfasdfasdf', 1, '', '', '', '文章默认的内容', 1, '2020-11-21 01:34:59', '2020-11-22 10:57:11'),
(29, 'kkkk', 1, '', '', '', '', 1, '2020-11-22 11:18:23', NULL),
(30, '30303030030303030303003030', 1, 'http://localhost:8081/upload/images/2020/11/22/18500334384.png', '', '', '', 1, '2020-11-22 11:19:17', '2020-11-22 18:59:22'),
(31, '正式添加一篇文章', 1, 'http://localhost:8081/upload/images/2020/11/22/18493244884.png', 'http://www.baidu.com', '呢张的摘要不嫩，呢张的摘要不嫩，呢张的摘要不嫩，呢张的摘要不嫩，呢张的摘要不嫩。。。。。。', '<p><img src=\"http://localhost:8081/upload/images/2020/11/22/18493244884.png\" alt=\"\" width=\"425\" height=\"425\" /></p>\n<h1>这个详情怎么样？？？</h1>', 1, '2020-11-23 11:14:47', '2020-11-23 11:33:32'),
(32, '第二个', 4, 'http://localhost:8081/upload/images/2020/11/22/18500334384.png', '', '', '', 1, '2020-11-23 11:15:21', '2020-11-23 11:17:26'),
(33, 'e111111', 1, '', '', '', '', 1, '2020-11-23 11:18:31', NULL),
(34, 'e111111', 1, 'http://localhost:8081/upload/images/2020/11/22/18493244884.png', '', '', '', 1, '2020-11-23 11:27:51', '2020-11-23 12:01:45'),
(35, 'e111111', 1, '', '', '', '', 1, '2020-11-23 11:29:20', NULL);

-- --------------------------------------------------------

--
-- 表的结构 `article_category`
--

CREATE TABLE `article_category` (
  `id` bigint(20) UNSIGNED NOT NULL,
  `name` varchar(255) NOT NULL DEFAULT '',
  `priority` int(11) DEFAULT '0',
  `create_time` datetime DEFAULT NULL,
  `update_time` datetime DEFAULT NULL
) ENGINE=InnoDB DEFAULT CHARSET=utf8 COMMENT='商品分类';

--
-- 转存表中的数据 `article_category`
--

INSERT INTO `article_category` (`id`, `name`, `priority`, `create_time`, `update_time`) VALUES
(1, '文章分类1', 0, '2019-07-04 11:47:51', NULL),
(3, '帮助中心', 2, '2019-07-04 11:48:16', '2019-07-07 15:41:47'),
(4, '文章分类2', 0, '2020-09-08 16:13:41', '2020-09-08 16:13:52');

-- --------------------------------------------------------

--
-- 表的结构 `article_picture`
--

CREATE TABLE `article_picture` (
  `id` int(10) UNSIGNED NOT NULL,
  `article_id` bigint(20) UNSIGNED NOT NULL,
  `url` varchar(255) NOT NULL DEFAULT '',
  `sort_id` int(11) DEFAULT '0' COMMENT '排序编号',
  `create_time` datetime DEFAULT NULL,
  `update_time` datetime DEFAULT NULL
) ENGINE=InnoDB DEFAULT CHARSET=utf8 COMMENT='商品分类';

--
-- 转存表中的数据 `article_picture`
--

INSERT INTO `article_picture` (`id`, `article_id`, `url`, `sort_id`, `create_time`, `update_time`) VALUES
(22, 30, 'http://localhost:8081/upload/images/2020/11/22/18493244884.png', 0, '2020-11-22 18:59:22', NULL),
(23, 30, 'http://localhost:8081/upload/images/2020/11/22/18495128190.png', 1, '2020-11-22 18:59:22', NULL),
(24, 30, 'http://localhost:8081/upload/images/2020/11/22/18495592053.png', 2, '2020-11-22 18:59:22', NULL),
(25, 30, 'http://localhost:8081/upload/images/2020/11/22/18495984679.png', 3, '2020-11-22 18:59:22', NULL),
(26, 30, 'http://localhost:8081/upload/images/2020/11/22/18500334384.png', 4, '2020-11-22 18:59:22', NULL),
(27, 32, 'http://localhost:8081/upload/images/2020/11/22/18493244884.png', 0, '2020-11-23 11:17:26', NULL),
(28, 32, 'http://localhost:8081/upload/images/2020/11/22/18493244884.png', 1, '2020-11-23 11:17:26', NULL),
(31, 35, 'http://localhost:8081/upload/images/2020/11/22/18493244884.png', 0, '2020-11-23 11:29:20', NULL),
(32, 35, 'http://localhost:8081/upload/images/2020/11/22/18495128190.png', 1, '2020-11-23 11:29:20', NULL),
(45, 31, 'http://localhost:8081/upload/images/2020/11/22/18495128190.png', 0, '2020-11-23 11:33:32', NULL),
(46, 31, 'http://localhost:8081/upload/images/2020/11/22/18493244884.png', 1, '2020-11-23 11:33:32', NULL),
(47, 34, 'http://localhost:8081/upload/images/2020/11/23/11151210580.png', 0, '2020-11-23 12:01:45', NULL),
(48, 34, 'http://localhost:8081/upload/images/2020/11/22/18495128190.png', 1, '2020-11-23 12:01:45', NULL),
(49, 34, 'http://localhost:8081/upload/images/2020/11/23/12013899024.jpeg', 2, '2020-11-23 12:01:45', NULL),
(50, 34, 'http://localhost:8081/upload/images/2020/11/23/11134890088.JPG', 3, '2020-11-23 12:01:45', NULL);

-- --------------------------------------------------------

--
-- 表的结构 `code_column_config`
--

CREATE TABLE `code_column_config` (
  `id` bigint(20) NOT NULL COMMENT 'ID',
  `table_name` varchar(255) DEFAULT NULL,
  `column_name` varchar(255) DEFAULT NULL,
  `column_type` varchar(255) DEFAULT NULL,
  `dict_name` varchar(255) DEFAULT NULL,
  `extra` varchar(255) DEFAULT NULL,
  `form_show` bit(1) DEFAULT NULL,
  `form_type` varchar(255) DEFAULT NULL,
  `key_type` varchar(255) DEFAULT NULL,
  `list_show` bit(1) DEFAULT NULL,
  `not_null` bit(1) DEFAULT NULL,
  `query_type` varchar(255) DEFAULT NULL,
  `remark` varchar(255) DEFAULT NULL,
  `date_annotation` varchar(255) DEFAULT NULL
) ENGINE=InnoDB DEFAULT CHARSET=utf8 COMMENT='代码生成字段信息存储' ROW_FORMAT=COMPACT;

--
-- 转存表中的数据 `code_column_config`
--

INSERT INTO `code_column_config` (`id`, `table_name`, `column_name`, `column_type`, `dict_name`, `extra`, `form_show`, `form_type`, `key_type`, `list_show`, `not_null`, `query_type`, `remark`, `date_annotation`) VALUES
(1, 'article', 'id', 'bigint', NULL, 'auto_increment', b'1', NULL, 'PRI', b'1', b'0', NULL, '', NULL),
(2, 'article', 'title', 'varchar', NULL, '', b'1', NULL, '', b'1', b'1', NULL, '名称', NULL),
(3, 'article', 'category_id', 'int', NULL, '', b'1', NULL, '', b'1', b'1', NULL, '分类id', NULL),
(4, 'article', 'cover_picture', 'varchar', NULL, '', b'1', NULL, '', b'1', b'1', NULL, '封面图片', NULL),
(5, 'article', 'link', 'varchar', NULL, '', b'1', NULL, '', b'1', b'1', NULL, '链接地址', NULL),
(6, 'article', 'summary', 'text', NULL, '', b'1', NULL, '', b'1', b'0', NULL, '摘要', NULL),
(7, 'article', 'detail', 'mediumtext', NULL, '', b'1', NULL, '', b'1', b'0', NULL, '详情', NULL),
(8, 'article', 'status', 'tinyint', NULL, '', b'1', NULL, 'PRI', b'1', b'1', NULL, '状态：-1,删除；0，待审核；1，正常', NULL),
(9, 'article', 'create_time', 'datetime', NULL, '', b'1', NULL, '', b'1', b'1', NULL, '', NULL),
(10, 'article', 'update_time', 'datetime', NULL, '', b'1', NULL, '', b'1', b'0', NULL, '', NULL),
(11, 'abc', 'id', 'bigint', NULL, 'auto_increment', b'1', NULL, 'PRI', b'1', b'0', NULL, '', NULL),
(12, 'abc', 'title', 'varchar', NULL, '', b'1', NULL, '', b'1', b'1', NULL, '名称', NULL),
(13, 'abc', 'category_id', 'int', NULL, '', b'1', NULL, '', b'1', b'1', NULL, '分类id', NULL),
(14, 'abc', 'link', 'varchar', NULL, '', b'1', NULL, '', b'1', b'1', NULL, '链接地址', NULL),
(15, 'abc', 'status', 'tinyint', NULL, '', b'1', NULL, 'PRI', b'1', b'1', NULL, '状态：-1,删除；0，待审核；1，正常', NULL),
(16, 'abc', 'create_time', 'datetime', NULL, '', b'1', NULL, '', b'1', b'1', NULL, '', NULL),
(17, 'abc', 'update_time', 'datetime', NULL, '', b'1', NULL, '', b'1', b'0', NULL, '', NULL),
(18, 'test', 'id', 'bigint', NULL, 'auto_increment', b'1', NULL, 'PRI', b'1', b'0', NULL, '', NULL),
(19, 'test', 'title', 'varchar', NULL, '', b'1', NULL, '', b'1', b'1', 'Like', '名称', NULL),
(20, 'test', 'category_id', 'int', 'user_status', '', b'1', NULL, '', b'1', b'1', '=', '分类id', NULL),
(21, 'test', 'link', 'varchar', NULL, '', b'1', NULL, '', b'1', b'1', 'Like', '链接地址', NULL),
(22, 'test', 'status', 'tinyint', NULL, '', b'1', NULL, 'PRI', b'1', b'1', NULL, '状态：-1,删除；0，待审核；1，正常', NULL),
(23, 'test', 'create_time', 'datetime', NULL, '', b'1', NULL, '', b'1', b'1', NULL, '', NULL),
(24, 'test', 'update_time', 'datetime', NULL, '', b'1', NULL, '', b'1', b'0', NULL, '', NULL),
(25, 'demo', 'id', 'bigint', NULL, 'auto_increment', b'0', NULL, 'PRI', b'1', b'0', NULL, '', NULL),
(26, 'demo', 'title', 'varchar', NULL, '', b'1', 'Input', '', b'1', b'1', '=', '名称', NULL),
(27, 'demo', 'category_id', 'int', '', '', b'1', 'Input', '', b'1', b'0', '=', '分类id', NULL),
(28, 'demo', 'link', 'varchar', NULL, '', b'1', 'Input', '', b'1', b'1', 'Like', '链接地址', NULL),
(29, 'demo', 'status', 'tinyint', 'GeneralStatus', '', b'1', 'Select', '', b'1', b'0', NULL, '状态：-1,删除；0，待审核；1，正常', NULL),
(30, 'demo', 'create_time', 'datetime', '', '', b'1', 'Date', '', b'1', b'0', 'BetWeen', '', 'CreationTimestamp'),
(31, 'demo', 'update_time', 'datetime', NULL, '', b'0', NULL, '', b'0', b'0', NULL, '', ''),
(32, 'demo', 'uni', 'int', NULL, '', b'0', NULL, 'UNI', b'1', b'0', NULL, '', NULL),
(33, 'series', 'sid', 'int', NULL, 'auto_increment', b'0', NULL, 'PRI', b'1', b'0', NULL, 'ID', NULL),
(34, 'series', 'name', 'varchar', NULL, '', b'1', NULL, '', b'1', b'1', 'Like', '名称', NULL),
(35, 'series', 'status', 'tinyint', NULL, '', b'0', NULL, '', b'0', b'0', NULL, '状态', NULL),
(36, 'product_cate', 'cid', 'bigint', NULL, 'auto_increment', b'1', NULL, 'PRI', b'1', b'0', NULL, '类目编号,自增', NULL),
(37, 'product_cate', 'parent_cid', 'bigint', NULL, '', b'1', NULL, 'MUL', b'1', b'1', NULL, '父类目ID=0代表顶级类目', NULL),
(38, 'product_cate', 'cname', 'varchar', NULL, '', b'1', NULL, '', b'1', b'1', NULL, '类目名称', NULL),
(39, 'product_cate', 'is_parent', 'tinyint', NULL, '', b'1', NULL, '', b'1', b'0', NULL, '是否为父类目（是否还有子类目）', NULL),
(40, 'product_cate', 'status', 'tinyint', NULL, '', b'1', NULL, '', b'1', b'0', NULL, '状态：-1=删除 0=正常', NULL),
(41, 'product_cate', 'sort_by', 'int', NULL, '', b'1', NULL, '', b'1', b'0', NULL, '同级分类排序', NULL),
(42, 'product_cate', 'tao_cate_ids', 'varchar', NULL, '', b'1', NULL, '', b'1', b'0', NULL, '淘宝分类ID，多个逗号分隔', NULL),
(43, 'product_cate', 'weight', 'decimal', NULL, '', b'1', NULL, '', b'1', b'1', NULL, '分类产品默认重量', NULL),
(44, 'product_cate', 'type', 'tinyint', NULL, '', b'1', NULL, '', b'1', b'0', NULL, '0:未分类 1：上装 2：下装 3：包 5：鞋 4：帽子', NULL);

-- --------------------------------------------------------

--
-- 表的结构 `code_gen_config`
--

CREATE TABLE `code_gen_config` (
  `id` bigint(20) NOT NULL COMMENT 'ID',
  `table_name` varchar(255) DEFAULT NULL COMMENT '表名',
  `author` varchar(255) DEFAULT NULL COMMENT '作者',
  `cover` bit(1) DEFAULT NULL COMMENT '是否覆盖',
  `module_name` varchar(255) DEFAULT NULL COMMENT '模块名称',
  `pack` varchar(255) DEFAULT NULL COMMENT '至于哪个包下',
  `path` varchar(255) DEFAULT NULL COMMENT '前端代码生成的路径',
  `api_path` varchar(255) DEFAULT NULL COMMENT '前端Api文件路径',
  `prefix` varchar(255) DEFAULT NULL COMMENT '表前缀',
  `api_alias` varchar(255) DEFAULT NULL COMMENT '接口名称'
) ENGINE=InnoDB DEFAULT CHARSET=utf8 COMMENT='代码生成器配置' ROW_FORMAT=COMPACT;

--
-- 转存表中的数据 `code_gen_config`
--

INSERT INTO `code_gen_config` (`id`, `table_name`, `author`, `cover`, `module_name`, `pack`, `path`, `api_path`, `prefix`, `api_alias`) VALUES
(1, 'article', 'ershijin', b'0', 'admin', 'com.ershijin', 'article', 'article/', NULL, 'articles'),
(2, 'abc', 'ershijin', b'0', 'admin', 'com.ershijin', 'abc', 'abc/', NULL, 'abc'),
(3, 'test', 'ershjin', b'0', 'test', 'com.ershijin', 'test/test', 'test/', NULL, 'test'),
(4, 'demo', 'ershijin', b'1', 'demo', 'com.ershijin', 'demo', 'demo/', NULL, 'demo'),
(5, 'series', '敖广', b'1', 'product', 'com.ershijin', 'product', 'product/', NULL, '系列'),
(6, 'product_cate', '二十斤', b'0', 'product', 'com.ershijin', 'product', 'product/', NULL, '产品分类');

-- --------------------------------------------------------

--
-- 表的结构 `config`
--

CREATE TABLE `config` (
  `id` int(10) UNSIGNED NOT NULL,
  `code` varchar(100) DEFAULT '参数名',
  `value` varchar(1000) DEFAULT '参数值',
  `name` varchar(100) DEFAULT '配置名称',
  `description` varchar(1000) DEFAULT '配置描述',
  `create_time` datetime DEFAULT CURRENT_TIMESTAMP,
  `update_time` datetime DEFAULT NULL ON UPDATE CURRENT_TIMESTAMP
) ENGINE=InnoDB DEFAULT CHARSET=utf8 COMMENT='配置信息表';

--
-- 转存表中的数据 `config`
--

INSERT INTO `config` (`id`, `code`, `value`, `name`, `description`, `create_time`, `update_time`) VALUES
(1, 'upload_api', 'http://localhost:8081/files', '文件上传后端地址', '文件上传后端地址', NULL, '2020-11-22 10:13:00'),
(2, 'avatar_upload_api', 'http://localhost:8081/users/updateAvatar', '头像上传地址', '多个后端负载均衡的时候，可以指定一个用于保存头像', NULL, '2020-09-08 14:27:34'),
(3, 'avatar_base_url', 'http://localhost:8081/upload/avatar/', '头像路径前缀', '头像路径前缀', '2020-08-27 10:49:38', NULL),
(4, 'upload_base_url', 'http://localhost:8081/upload/', '上传路径前缀', '配置描述', '2020-08-26 17:40:18', '2020-08-27 08:58:20');

-- --------------------------------------------------------

--
-- 表的结构 `demo`
--

CREATE TABLE `demo` (
  `id` bigint(20) NOT NULL,
  `uni` int(11) DEFAULT NULL,
  `title` varchar(255) NOT NULL DEFAULT '' COMMENT '名称',
  `category_id` int(11) NOT NULL COMMENT '分类id',
  `link` varchar(255) NOT NULL COMMENT '链接地址',
  `status` tinyint(4) NOT NULL DEFAULT '1' COMMENT '状态：-1,删除；0，待审核；1，正常',
  `create_time` datetime NOT NULL,
  `update_time` datetime DEFAULT NULL
) ENGINE=InnoDB DEFAULT CHARSET=utf8;

--
-- 转存表中的数据 `demo`
--

INSERT INTO `demo` (`id`, `uni`, `title`, `category_id`, `link`, `status`, `create_time`, `update_time`) VALUES
(4, NULL, '不让中国人来就安全？特朗普政府：已撤销1000多名中国公民签证', 1, '', 1, '2015-05-07 16:29:08', NULL),
(5, NULL, '不让中国人来就安全？特朗普政府：已撤销1000多名中国公民签证', 1, '', 1, '2015-10-07 16:29:44', NULL),
(6, NULL, '不让中国人来就安全？特朗普政府：已撤销1000多名中国公民签证', 1, '', 1, '2015-11-07 16:31:22', NULL),
(7, NULL, '不让中国人来就安全？特朗普政府：已撤销1000多名中国公民签证', 1, '', 1, '2015-11-07 16:31:22', NULL),
(8, NULL, '不让中国人来就安全？特朗普政府：已撤销1000多名中国公民签证', 1, '', 1, '2015-11-07 16:31:22', NULL),
(9, NULL, '不让中国人来就安全？特朗普政府：已撤销1000多名中国公民签证', 1, '', 1, '2015-11-07 16:31:22', NULL),
(10, NULL, '不让中国人来就安全？特朗普政府：已撤销1000多名中国公民签证', 1, '', 1, '2015-12-07 16:31:22', NULL),
(11, NULL, '不让中国人来就安全？特朗普政府：已撤销1000多名中国公民签证', 1, '', 1, '2016-02-07 16:34:23', NULL),
(12, NULL, '不让中国人来就安全？特朗普政府：已撤销1000多名中国公民签证', 1, '', 1, '2016-05-07 16:34:54', NULL),
(13, NULL, '不让中国人来就安全？特朗普政府：已撤销1000多名中国公民签证', 1, '', 1, '2016-09-07 16:35:22', NULL),
(14, NULL, '不让中国人来就安全？特朗普政府：已撤销1000多名中国公民签证', 1, '', 1, '2016-09-07 16:35:55', NULL),
(15, NULL, '不让中国人来就安全？特朗普政府：已撤销1000多名中国公民签证', 1, '', 1, '2016-10-07 16:36:27', NULL),
(16, NULL, '不让中国人来就安全？特朗普政府：已撤销1000多名中国公民签证', 1, '', 1, '2017-04-07 16:36:59', NULL),
(17, NULL, '不让中国人来就安全？特朗普政府：已撤销1000多名中国公民签证', 1, '', 1, '2017-06-07 16:37:27', NULL),
(18, NULL, '不让中国人来就安全？特朗普政府：已撤销1000多名中国公民签证', 1, '', 1, '2017-08-07 16:37:59', NULL),
(19, NULL, '不让中国人来就安全？特朗普政府：已撤销1000多名中国公民签证', 1, '', 1, '2017-08-07 16:37:59', NULL),
(20, NULL, '不让中国人来就安全？特朗普政府：已撤销1000多名中国公民签证', 1, '', 1, '2017-08-07 16:37:59', '2020-09-10 11:58:59'),
(22, NULL, '不让中国人来就安全？特朗普政府：已撤销1000多名中国公民签证', 3, '', 1, '2019-07-07 17:48:14', NULL),
(23, NULL, '不让中国人来就安全？特朗普政府：已撤销1000多名中国公民签证', 3, '', 1, '2019-07-07 17:49:58', '2019-07-07 17:50:54'),
(26, NULL, '不让中国人来就安全？特朗普政府：已撤销1000多名中国公民签证abc', 3, '', 1, '2019-07-07 17:51:51', '2020-09-10 11:18:49'),
(27, NULL, 'title2', 1232, 'link2', 1, '2020-09-21 18:40:43', '2020-09-21 18:41:53'),
(28, 111, 'title', 123, 'link', 1, '2020-09-22 00:22:51', NULL),
(29, NULL, 'cddddddddd', 333, 'xxxxx', -1, '2020-09-22 11:43:22', NULL),
(30, NULL, 'a2222', 2222, 'sdf2222', 1, '2020-09-22 16:09:40', '2020-09-22 16:17:41'),
(31, NULL, 'sdsddsdsds', 2, 'sddsds', 1, '2020-09-23 17:48:44', NULL);

-- --------------------------------------------------------

--
-- 表的结构 `file`
--

CREATE TABLE `file` (
  `id` bigint(20) UNSIGNED NOT NULL COMMENT 'ID',
  `title` varchar(255) DEFAULT NULL COMMENT '文件名',
  `postfix` varchar(255) DEFAULT NULL COMMENT '后缀',
  `path` varchar(255) DEFAULT NULL COMMENT '路径',
  `type` varchar(255) DEFAULT NULL COMMENT '类型',
  `size` int(11) NOT NULL COMMENT '大小',
  `hash_code` char(32) NOT NULL,
  `user_id` bigint(20) UNSIGNED DEFAULT '0' COMMENT '上传者ID',
  `create_time` datetime DEFAULT NULL COMMENT '创建时间',
  `update_time` datetime DEFAULT NULL COMMENT '更新时间'
) ENGINE=InnoDB DEFAULT CHARSET=utf8 COMMENT='本地存储' ROW_FORMAT=COMPACT;

--
-- 转存表中的数据 `file`
--

INSERT INTO `file` (`id`, `title`, `postfix`, `path`, `type`, `size`, `hash_code`, `user_id`, `create_time`, `update_time`) VALUES
(1, '1024X1024', 'png', 'images/2020/11/22/18493244884.png', '图片', 65793, 'd1af9bd9ce6adc224ba92cecdd6fe520', 0, '2020-11-22 18:49:32', NULL),
(2, '1024-1024', 'png', 'images/2020/11/22/18495128190.png', '图片', 29661, '778d7fea50b25ce19e5b85aa00e5172f', 0, '2020-11-22 18:49:51', NULL),
(3, '48-48', 'png', 'images/2020/11/22/18495592053.png', '图片', 3259, '37bc29c899e9053f45bc34f1e25fd220', 0, '2020-11-22 18:49:55', NULL),
(4, 'WX20201120-192039@2x', 'png', 'images/2020/11/22/18495984679.png', '图片', 2595846, '188751e66a63d861d1971cbb50a0697b', 0, '2020-11-22 18:50:00', NULL),
(5, 'WX20201120-192049@2x', 'png', 'images/2020/11/22/18500334384.png', '图片', 1536847, 'cfe842fa1a482e8748cec67b83a3a7c3', 0, '2020-11-22 18:50:03', NULL),
(6, 'FX4830 (5)', 'JPG', 'images/2020/11/23/11134890088.JPG', '其他', 1404102, 'cc78f3c13931234073a8d209120d9d31', 0, '2020-11-23 11:13:48', NULL),
(7, '48x48', 'png', 'images/2020/11/23/11151210580.png', '图片', 4336, '0e04c72ef89ff4739f722ed1f23690ad', 0, '2020-11-23 11:15:13', NULL),
(8, 'get', 'jpeg', 'images/2020/11/23/12013899024.jpeg', '图片', 661716, '201bf2a2a6855c0b2a384389eef5a1cc', 0, '2020-11-23 12:01:38', NULL);

-- --------------------------------------------------------

--
-- 表的结构 `log`
--

CREATE TABLE `log` (
  `id` bigint(20) UNSIGNED NOT NULL COMMENT 'ID',
  `description` varchar(255) DEFAULT NULL,
  `type` varchar(255) DEFAULT NULL,
  `method` varchar(255) DEFAULT NULL,
  `params` text,
  `ip` varchar(255) DEFAULT NULL,
  `time` bigint(20) DEFAULT NULL,
  `username` varchar(255) DEFAULT NULL,
  `address` varchar(255) DEFAULT NULL,
  `browser` varchar(255) DEFAULT NULL,
  `exception_detail` text,
  `create_time` datetime DEFAULT CURRENT_TIMESTAMP
) ENGINE=InnoDB DEFAULT CHARSET=utf8 COMMENT='系统日志' ROW_FORMAT=COMPACT;

-- --------------------------------------------------------

--
-- 表的结构 `menu`
--

CREATE TABLE `menu` (
  `id` int(11) NOT NULL,
  `parent_id` int(11) NOT NULL DEFAULT '0',
  `type` tinyint(1) NOT NULL DEFAULT '1' COMMENT '菜单类型：0:目录；1：菜单；2：按钮',
  `path` varchar(64) DEFAULT NULL,
  `name` varchar(45) DEFAULT NULL COMMENT '组件名称',
  `component` varchar(64) DEFAULT NULL COMMENT '组件路径',
  `is_no_cache` tinyint(1) DEFAULT '0' COMMENT '是否不缓存',
  `title` varchar(64) DEFAULT NULL COMMENT '标题',
  `icon` varchar(64) DEFAULT NULL COMMENT '图标',
  `priority` int(11) NOT NULL DEFAULT '0' COMMENT '权重',
  `permission` varchar(255) NOT NULL DEFAULT '' COMMENT '权限标识',
  `remark` varchar(255) NOT NULL DEFAULT '' COMMENT '备注',
  `is_hidden` tinyint(1) NOT NULL DEFAULT '1' COMMENT '是否隐藏，可见为菜单，隐藏为功能',
  `is_enabled` tinyint(1) NOT NULL DEFAULT '1' COMMENT '状态：-1:删除;0:禁用;1:正常',
  `create_time` datetime NOT NULL DEFAULT CURRENT_TIMESTAMP,
  `update_time` datetime DEFAULT NULL
) ENGINE=InnoDB DEFAULT CHARSET=utf8;

--
-- 转存表中的数据 `menu`
--

INSERT INTO `menu` (`id`, `parent_id`, `type`, `path`, `name`, `component`, `is_no_cache`, `title`, `icon`, `priority`, `permission`, `remark`, `is_hidden`, `is_enabled`, `create_time`, `update_time`) VALUES
(1, 0, 0, '/auth', NULL, '', 0, '权限管理', 'permission', -1, '', '', 0, 1, '2019-11-13 14:34:33', '2020-08-31 15:52:34'),
(2, 1, 1, '/auth/menu', 'Menu', 'auth/menu/index', 0, '菜单管理', 'menu', 1, 'menus:list', '', 0, 1, '2019-11-13 14:34:33', '2020-08-31 14:40:42'),
(3, 2, 2, '', NULL, '', 0, '添加', '', 0, 'menus:save', '', 1, 1, '2019-11-13 17:24:27', '2020-08-05 19:01:17'),
(4, 2, 2, '', NULL, '', 0, '删除', '', 3, 'menus:remove', '', 1, 1, '2019-11-13 17:43:28', '2020-08-05 19:01:03'),
(6, 1, 1, '/auth/role', 'Role', 'auth/role/index', 0, '角色管理', 'peoples', 2, 'roles:list', '', 0, 1, '2019-11-14 20:15:39', '2020-08-31 14:39:33'),
(8, 6, 2, '', NULL, '', 0, '添加', '', 0, 'roles:save', '', 1, 1, '2019-11-14 20:26:33', '2020-08-05 18:59:54'),
(9, 1, 1, '/auth/user', 'User', 'auth/user/index', 0, '用户管理', 'people', 3, 'users:list', '', 0, 1, '2019-11-14 20:54:24', '2020-08-31 14:37:27'),
(11, 9, 2, '', NULL, '', 0, '添加', '', 0, 'users:save', '', 1, 1, '2019-11-14 20:56:10', '2020-08-05 18:57:27'),
(12, 9, 2, '', NULL, '', 0, '禁用', '', 0, 'users:disable', '', 1, 1, '2019-11-14 21:02:03', '2020-08-13 15:29:52'),
(20, 0, 0, '/article', NULL, '', 0, '文章管理', 'list', 0, '', '', 0, 1, '2019-11-22 18:19:28', '2020-09-01 16:58:36'),
(21, 20, 1, '/article/index', 'Article', 'article/index', 0, '文章列表', 'list', 0, 'articles:list', '', 0, 1, '2019-11-22 18:20:36', '2020-09-10 11:25:55'),
(22, 20, 1, '/article/create', 'ArticleCreate', 'article/create', 0, '添加文章', 'edit', 0, 'articles:save', '', 0, 1, '2019-11-22 18:21:17', '2020-09-10 11:17:54'),
(23, 20, 1, '/article/edit/:id(\\d+)', 'ArticleEdit', 'article/edit', 0, '编辑文章', '', 0, 'articles:update', '', 1, 1, '2019-11-22 18:22:29', '2020-09-10 11:17:28'),
(24, 21, 2, '/article/remove', NULL, '', 0, '删除', '', 0, 'articles:remove', '', 1, 1, '2019-11-22 18:22:59', '2020-09-10 14:38:18'),
(25, 20, 1, '/articlecat/index', NULL, 'articlecat/index', 0, '文章分类', 'table', 0, '', '', 0, 1, '2019-11-22 18:25:33', NULL),
(26, 2, 2, '', NULL, '', 0, '编辑', '', 0, 'menus:update', '', 1, 1, '2020-02-07 10:45:26', '2020-08-05 19:01:26'),
(27, 2, 2, '', NULL, '', 0, '启用', '', 0, 'menus:enable', '', 1, 1, '2020-02-07 10:47:33', '2020-08-05 19:01:37'),
(28, 2, 2, '', NULL, '', 0, '禁用', '', 0, 'menus:disable', '', 1, 1, '2020-02-07 10:47:56', '2020-08-05 19:02:19'),
(29, 6, 2, '', NULL, '', 0, '修改', '', 0, 'roles:update', '', 1, 1, '2020-02-07 10:50:44', '2020-08-05 19:00:04'),
(30, 6, 2, '', NULL, '', 0, '删除', '', 0, 'roles:remove', '', 1, 1, '2020-02-07 10:52:35', '2020-08-05 19:00:16'),
(31, 9, 2, '', NULL, '', 0, '启用', '', 0, 'users:enable', '', 1, 1, '2020-02-07 14:44:52', '2020-08-13 15:30:03'),
(32, 9, 2, '', NULL, '', 0, '编辑', '', 0, 'users:update', '', 1, 1, '2020-02-07 17:35:52', '2020-08-05 18:59:41'),
(33, 9, 2, '', NULL, '', 0, '删除', '', 0, 'users:remove', '', 1, 1, '2020-02-09 14:39:42', '2020-08-13 15:30:46'),
(34, 1, 1, '/auth/log', 'Log', 'auth/log/index', 0, '操作日志', 'log', -1, 'logs:list', '', 0, 1, '2020-08-28 11:11:41', '2020-08-31 14:41:12'),
(35, 36, 1, '/auth/log/error', 'ErrorLog', 'auth/log/errorLogs', 0, '异常日志', 'error-log', -2, 'logs:error', '', 0, 1, '2020-08-28 11:18:42', '2020-09-01 18:29:02'),
(36, 0, 0, '/system', NULL, '', 0, '系统管理', 'system', -2, '', '', 0, 1, '2020-09-01 18:22:53', '2020-09-01 18:34:17'),
(37, 36, 1, 'task', 'Task', 'system/task', 1, '任务调度', 'timer', 0, 'taskJobs:list', '', 0, 1, '2020-09-01 18:43:55', '2020-09-04 10:30:28'),
(38, 36, 1, '/system/config', 'Config', 'system/config', 0, '系统配置', 'systemset', 1, 'configs:list', '', 0, 1, '2020-09-01 18:46:53', '2020-09-08 10:59:04'),
(39, 37, 2, '', '', '', 0, '执行', '', 0, 'taskJobs:execute', '', 0, 1, '2020-09-04 11:12:19', '2020-09-04 15:31:07'),
(40, 37, 2, '', '', '', 0, '添加', '', 0, 'taskJobs:save', '', 0, 1, '2020-09-04 15:29:00', '2020-09-04 15:31:00'),
(41, 37, 2, '', '', '', 0, '编辑', '', 0, 'taskJobs:update', '', 0, 1, '2020-09-04 15:29:18', NULL),
(42, 37, 2, '', '', '', 0, '删除', '', 0, 'taskJobs:remove', '', 0, 1, '2020-09-04 15:30:49', NULL),
(43, 37, 2, '', '', '', 0, '启用', '', 0, 'taskJobs:enable', '', 0, 1, '2020-09-04 17:45:40', NULL),
(44, 37, 2, '', '', '', 0, '停用', '', 0, 'taskJobs:disable', '', 0, 1, '2020-09-04 17:45:55', NULL),
(45, 38, 2, '', '', '', 0, '添加', '', 0, 'configs:save', '', 0, 1, '2020-09-08 11:01:12', NULL),
(46, 38, 2, '', '', '', 0, '修改', '', 0, 'configs:update', '', 0, 1, '2020-09-08 11:01:36', NULL),
(47, 38, 2, '', '', '', 0, '删除', '', 0, 'configs:remove', '', 0, 1, '2020-09-08 11:01:47', NULL),
(48, 36, 1, '/system/generator', 'GeneratorIndex', 'generator/index', 0, '代码生成', 'code', 0, '', '', 0, 1, '2020-09-14 10:27:26', '2020-09-14 18:16:02'),
(49, 36, 1, 'generator/config/:tableName', 'GeneratorConfig', 'generator/config', 0, '生成配置', 'code', 0, '', '', 1, 1, '2020-09-14 18:11:55', '2020-09-14 19:02:45'),
(50, 36, 1, 'dict', 'Dict', 'system/dict/index', 0, '字典管理', 'dictionary', 0, 'dict:list', '', 0, 1, '2020-09-15 11:19:41', '2020-09-15 11:31:57'),
(51, 50, 2, '', 'Dict', '', 0, '新增字典', '', 0, 'dict:add', '', 0, 1, '2020-09-15 11:20:25', NULL),
(52, 50, 2, '', 'Dict', '', 0, '编辑字典', '', 0, 'dict:edit', '', 0, 1, '2020-09-15 11:21:02', NULL),
(53, 50, 2, '', 'Dict', '', 0, '删除字典', '', 0, 'dict:del', '', 0, 1, '2020-09-15 11:30:45', NULL),
(54, 36, 1, 'generator/preview/:tableName', 'Preview', 'generator/preview', 1, '生成预览', 'java', 0, '', '', 1, 1, '2020-09-15 14:57:28', '2020-09-17 08:50:07'),
(55, 36, 1, '/demo', 'Demo', 'demo', 0, 'Demo', 'eye-open', 0, 'demo:list', '', 0, 1, '2020-09-22 09:50:52', '2020-09-23 17:15:58'),
(56, 55, 2, '', '', '', 0, 'demo:save', '', 0, 'demo:save', '', 0, 1, '2020-09-22 10:03:54', '2020-09-23 18:20:47'),
(57, 55, 2, '', '', '', 0, 'demo:update', '', 0, 'demo:update', '', 0, 1, '2020-09-22 10:04:19', '2020-09-23 18:20:54'),
(58, 55, 2, '', '', '', 0, 'demo:remove', '', 0, 'demo:remove', '', 0, 1, '2020-09-22 10:04:28', '2020-09-23 18:21:01'),
(59, 36, 1, '/system/online', 'OnlineUser', 'system/online', 0, '在线用户', 'user', 1, 'onlineuser:list', '', 0, 1, '2020-10-23 09:30:59', '2020-10-23 09:32:24'),
(60, 59, 2, '', '', '', 0, '踢出用户', '', 0, 'onlineuser:kickout', '', 0, 1, '2020-10-23 10:37:34', '2020-10-23 10:42:28'),
(61, 36, 1, '/product/series', 'Series', 'product/series', 0, '产品系列管理', 'list', 0, 'series:list', '', 0, 1, '2020-11-02 19:10:57', NULL),
(62, 61, 2, '', '', '', 0, '添加', '', 0, 'series:save', '', 0, 1, '2020-11-02 19:16:28', NULL),
(63, 61, 2, '', '', '', 0, '编辑', '', 0, 'series:update', '', 0, 1, '2020-11-02 19:16:44', NULL),
(64, 61, 2, '', '', '', 0, '删除', '', 0, 'series:remove', '', 0, 1, '2020-11-02 19:25:53', NULL);

-- --------------------------------------------------------

--
-- 表的结构 `product_cate`
--

CREATE TABLE `product_cate` (
  `cid` bigint(20) UNSIGNED NOT NULL COMMENT '类目编号,自增',
  `parent_cid` bigint(20) UNSIGNED NOT NULL DEFAULT '0' COMMENT '父类目ID=0代表顶级类目',
  `cname` varchar(50) NOT NULL COMMENT '类目名称',
  `is_parent` tinyint(1) DEFAULT '0' COMMENT '是否为父类目（是否还有子类目）',
  `status` tinyint(1) DEFAULT '0' COMMENT '状态：-1=删除 0=正常',
  `sort_by` int(11) DEFAULT '0' COMMENT '同级分类排序',
  `tao_cate_ids` varchar(1000) DEFAULT NULL COMMENT '淘宝分类ID，多个逗号分隔',
  `weight` decimal(6,4) NOT NULL DEFAULT '0.0000' COMMENT '分类产品默认重量',
  `type` tinyint(4) DEFAULT '0' COMMENT '0:未分类 1：上装 2：下装 3：包 5：鞋 4：帽子'
) ENGINE=InnoDB DEFAULT CHARSET=utf8 COMMENT='商品类目表';

--
-- 转存表中的数据 `product_cate`
--

INSERT INTO `product_cate` (`cid`, `parent_cid`, `cname`, `is_parent`, `status`, `sort_by`, `tao_cate_ids`, `weight`, `type`) VALUES
(1, 0, '鞋', 1, 0, 0, NULL, '0.9500', 0),
(2, 0, '服', 1, 0, 0, NULL, '0.5000', 1),
(3, 0, '配', 1, 0, 0, NULL, '0.5000', 0),
(4, 3, '帽子', 0, 0, 0, ',50015369,', '0.2000', 4),
(5, 1, '跑步鞋', 0, 0, 0, ',50012036,', '1.0000', 5),
(6, 1, '篮球鞋', 0, 0, 0, ',50012031,', '1.3000', 5),
(7, 1, '足球鞋', 0, 0, 0, ',50012038,', '1.0000', 5),
(8, 1, '网球鞋', 0, 0, 0, ',50012037,', '1.0000', 5),
(9, 2, 'T恤', 0, 0, 0, ',50000436,50013228,', '0.3000', 1),
(10, 2, '卫衣/套头衫', 0, 0, 0, ',50011717,', '0.6500', 1),
(11, 2, '夹克/外套', 0, 0, 0, ',50011739,', '0.5900', 1),
(12, 2, '针织长裤', 0, 0, 0, ',50023107,', '0.6000', 2),
(13, 2, '梭织长裤', 0, 0, 0, ',50023107,', '0.4000', 2),
(14, 2, '短裤/中长裤', 0, 0, 0, ',50023108,', '0.3400', 2),
(15, 2, '棉服', 0, 0, 0, ',50011720,', '1.0000', 1),
(16, 2, '羽绒服', 0, 0, 0, ',50011721,', '1.0000', 1),
(17, 2, '棉马甲', 0, 0, 0, ',50023113,', '0.8000', 1),
(18, 2, '羽绒马甲', 0, 0, 0, ',50023114,', '0.5000', 1),
(19, 2, '背心', 0, 0, 0, ',50013228,', '0.2100', 1),
(20, 3, '袜子', 0, 0, 0, ',50015374,', '0.1000', 0),
(21, 3, '双肩包', 0, 0, 0, ',50014493,', '0.7500', 3),
(22, 3, '单肩包', 0, 0, 0, ',50023096,', '0.4000', 3),
(23, 3, '篮球', 0, 0, 0, ',50013203,', '0.9000', 0),
(24, 3, '足球', 0, 0, 0, ',50013824,', '0.6600', 0),
(25, 2, '衬衫', 0, 0, 0, ',50013228,', '0.3000', 0),
(26, 1, '帆布鞋', 0, 0, 0, ',50012044,', '1.0000', 5),
(27, 1, '板鞋/休闲鞋', 0, 0, 0, ',50012043,', '1.0000', 5),
(28, 1, '高尔夫鞋', 0, 0, 0, ',50012064,', '1.0000', 0),
(29, 1, '拖鞋', 0, 0, 0, ',50012049,', '0.7000', 5),
(30, 1, '凉鞋', 0, 0, 0, ',50012048,', '0.7100', 5),
(31, 1, '训练鞋', 0, 0, 0, ',50012041,', '1.0000', 5),
(32, 2, 'POLO衫', 0, 0, 0, ',50022889,', '0.3300', 1),
(33, 3, '打气筒', 0, 0, 0, ',50017265,', '0.3000', 0),
(34, 2, '冲锋衣', 0, 0, 0, ',50014785,', '1.0000', 1),
(35, 2, '冲锋裤', 0, 0, 0, ',50014786,', '0.6000', 2),
(36, 3, '帐篷', 0, 0, 0, NULL, '5.0000', 0),
(37, 3, '水杯', 0, 0, 0, ',50522001,', '0.2500', 0),
(38, 3, '睡袋', 0, 0, 0, ',50013908,', '3.0000', 0),
(39, 2, '抓绒衣', 0, 0, 0, ',50014787,', '0.0000', 1),
(40, 1, '徒步鞋', 0, 0, 0, ',50019272,50019274,', '1.0000', 5),
(41, 1, '登山鞋', 0, 0, 0, ',50019272,', '1.0000', 5),
(42, 1, '雪地靴', 0, 0, 0, ',50019278,', '1.2000', 5),
(43, 1, '涉水鞋', 0, 0, 0, ',50019275,', '0.7000', 0),
(44, 1, '越野鞋', 0, 0, 0, ',50019272,', '1.0000', 5),
(45, 3, '钱包', 0, 0, 0, ',121384023,', '0.0000', 3),
(46, 3, '腰包', 0, 0, 0, ',121384022,', '0.3000', 3),
(47, 2, '裙子', 0, 0, 0, ',50011726,50013238,', '0.3400', 2),
(48, 3, '手套', 0, 0, 0, ',50015370,', '0.2000', 0),
(49, 2, '泳装', 0, 0, 0, ',50016736,', '0.3000', 1),
(50, 3, '护腕', 0, 0, 0, ',50516004,', '0.1000', 0),
(51, 3, '护臂套', 0, 0, 0, ',50516004,', '0.1400', 0),
(53, 3, '护腿板', 0, 0, 0, ',50516004,', '0.2600', 0),
(55, 1, '棉鞋', 0, 0, 0, ',50012043,', '0.0000', 5),
(56, 1, '复刻鞋', 0, 0, 0, ',50015372,', '1.0000', 0),
(57, 3, '围巾', 0, 0, 0, ',50023107,', '0.3000', 0),
(58, 2, '紧身长裤', 0, 0, 0, ',50016665,', '0.4600', 2),
(59, 3, '地毯', 0, 0, 0, ',50516004,', '0.0000', 0),
(60, 3, '护踝', 0, 0, 0, ',50013933,', '0.2000', 0),
(61, 2, '风衣', 0, 0, 0, ',50022890,', '0.4300', 1),
(62, 2, '胸衣', 0, 0, 0, ',50014791,', '0.2000', 1),
(63, 2, '速干裤', 0, 0, 0, ',50017266,', '0.4000', 2),
(64, 3, '篮球包', 0, 0, 0, ',50023111,', '0.3300', 3),
(65, 3, '纸品', 0, 0, 0, ',50019578,50019579,50019580,50019581,50019582,50019583,50020172,', '0.0000', 0),
(66, 2, '马甲', 0, 0, 0, NULL, '0.5000', 1),
(67, 3, '气针', 0, 0, 0, NULL, '0.0000', 0),
(68, 3, '冷水壶', 0, 0, 0, NULL, '0.3000', 0),
(69, 3, '饰品', 0, 0, 0, NULL, '0.0000', 0),
(70, 3, '领结', 0, 0, 0, NULL, '0.0000', 0),
(71, 3, '连裤袜', 0, 0, 0, NULL, '0.0000', 0),
(72, 2, '内裤', 0, 0, 0, NULL, '0.3000', 2),
(73, 2, '内衣', 0, 0, 0, NULL, '0.2000', 1),
(74, 2, '运动内衣', 0, 0, 0, NULL, '0.2000', 1),
(75, 3, '包', 0, 0, 0, NULL, '0.6700', 3),
(76, 3, '休闲包', 0, 0, 0, NULL, '0.7000', 3),
(77, 3, '书包', 0, 0, 0, NULL, '0.0000', 3),
(78, 3, '电子表', 0, 0, 0, NULL, '0.0000', 0),
(81, 3, '报帽', 0, 0, 0, NULL, '0.0000', 0),
(82, 1, '板鞋', 0, 0, 0, NULL, '1.0000', 5),
(83, 1, '皮鞋', 0, 0, 0, NULL, '0.0000', 0),
(84, 1, '休闲靴', 0, 0, 0, NULL, '0.9100', 0),
(85, 1, '时尚靴', 0, 0, 0, NULL, '0.0000', 0),
(86, 1, '公主鞋', 0, 0, 0, NULL, '0.0000', 0),
(87, 1, '公主凉鞋', 0, 0, 0, NULL, '0.0000', 0),
(91, 2, '短袖套装', 0, 0, 0, NULL, '0.5500', 1),
(96, 2, '呢大衣', 0, 0, 0, NULL, '0.0000', 1),
(97, 2, '西服', 0, 0, 0, NULL, '0.0000', 1),
(98, 2, '西装', 0, 0, 0, NULL, '0.0000', 1),
(99, 2, '七分裤', 0, 0, 0, NULL, '0.4000', 2),
(100, 2, '短裙', 0, 0, 0, NULL, '0.4000', 2),
(101, 2, '连衣裙', 0, 0, 0, NULL, '0.4300', 2),
(102, 2, '线衫', 0, 0, 0, NULL, '0.0000', 1),
(104, 2, '中裤', 0, 0, 0, NULL, '0.3500', 2),
(105, 2, '长裤', 0, 0, 0, NULL, '0.6000', 2),
(106, 2, '打底裤', 0, 0, 0, NULL, '0.2700', 2),
(107, 2, '牛仔裤', 0, 0, 0, NULL, '0.0000', 2),
(108, 2, '化纤裤', 0, 0, 0, NULL, '0.0000', 2),
(113, 2, '便服', 0, 0, 0, NULL, '0.5000', 1),
(114, 2, '梭织外套', 0, 0, 0, NULL, '0.4500', 1),
(115, 2, '针织便服', 0, 0, 0, NULL, '0.6000', 1),
(116, 2, '套装', 0, 0, 0, NULL, '0.0000', 1),
(117, 2, '毛衫', 0, 0, 0, NULL, '0.0000', 1),
(120, 2, '长袖套装', 0, 0, 0, NULL, '0.5100', 1),
(122, 3, '雨伞', 0, 0, 0, NULL, '0.0000', 0),
(124, 3, '口罩', 0, 0, 0, NULL, '0.0000', 0),
(125, 3, '头带', 0, -1, 0, NULL, '0.0000', 0),
(126, 3, '毛巾', 0, 0, 0, NULL, '0.0000', 0),
(127, 2, '连体裤', 0, -1, 0, NULL, '0.0000', 2),
(128, 1, '两栖鞋', 0, 0, 0, NULL, '0.0000', 0),
(138, 1, '临时分类（鞋）', 0, 0, 0, NULL, '0.9400', 0),
(139, 2, '临时分类（服）', 0, 0, 0, NULL, '0.3800', 0),
(140, 1, '童鞋', 0, 0, 0, NULL, '0.6000', 5),
(141, 3, '徒步杖', 0, 0, 0, NULL, '0.5000', 0),
(142, 3, '护肘', 0, 0, 0, NULL, '0.2000', 0),
(143, 3, '头巾', 0, 0, 0, NULL, '0.1500', 0),
(144, 3, '心率表', 0, 0, 0, NULL, '0.0000', 0),
(145, 3, '髌骨保护带', 0, 0, 0, NULL, '0.0000', 0),
(146, 3, '臂袋', 0, 0, 0, NULL, '0.0000', 0),
(147, 3, '拉力绳', 0, 0, 0, NULL, '0.0000', 0),
(148, 3, '腰带', 0, 0, 0, NULL, '0.0000', 0),
(149, 3, '眼镜', 0, 0, 0, NULL, '0.2000', 0),
(150, 2, '紧身上衣', 0, 0, 0, NULL, '0.5000', 1),
(151, 3, '护膝', 0, 0, 0, NULL, '0.3000', 0),
(152, 3, '拉杆箱', 0, 0, 0, NULL, '5.0000', 0),
(153, 3, '桶包', 0, 0, 0, NULL, '0.7000', 3),
(154, 3, '护腿套', 0, 0, 0, NULL, '0.3000', 0),
(155, 3, '俯卧撑', 0, 0, 0, NULL, '0.0000', 0),
(156, 3, '跑步灯', 0, 0, 0, NULL, '0.1000', 0),
(157, 3, '鞋垫', 0, 0, 0, NULL, '0.1000', 0),
(158, 3, '皮带扣', 0, 0, 0, NULL, '0.1000', 0),
(159, 3, '手机壳', 0, 0, 0, NULL, '0.1000', 0),
(160, 3, '钥匙扣', 0, 0, 0, NULL, '0.1000', 0),
(161, 3, '鞋带', 0, 0, 0, NULL, '0.1000', 0),
(162, 3, '运动牙套', 0, 0, 0, NULL, '0.1000', 0),
(163, 3, '护腰', 0, 0, 0, NULL, '0.0000', 0),
(164, 3, '袖标', 0, -1, 0, NULL, '0.1000', 0),
(165, 3, '计步器', 0, 0, 0, NULL, '0.2000', 0),
(166, 3, '吸汗带', 0, 0, 0, NULL, '0.1000', 0),
(167, 3, '羽毛球包', 0, 0, 0, NULL, '1.5000', 3),
(168, 3, '羽毛球线', 0, 0, 0, NULL, '0.1000', 0),
(169, 3, '羽毛球拍', 0, 0, 0, NULL, '0.6000', 0),
(170, 3, '羽毛球', 0, 0, 0, NULL, '0.3000', 0),
(171, 1, '羽毛球鞋', 0, 0, 0, NULL, '0.0000', 5),
(172, 3, '手电筒', 0, 0, 0, NULL, '0.5000', 0),
(173, 3, '工兵铲', 0, 0, 0, NULL, '1.5000', 0),
(174, 3, '钓竿', 0, 0, 0, NULL, '0.5000', 0),
(175, 3, '折叠床', 0, 0, 0, NULL, '2.5000', 0),
(176, 3, '炊具', 0, 0, 0, NULL, '1.2000', 0),
(177, 3, '折叠椅', 0, -1, 0, NULL, '0.4000', 0),
(178, 3, '望远镜', 0, 0, 0, NULL, '0.5000', 0),
(179, 3, '保温箱', 0, 0, 0, NULL, '1.7000', 0),
(180, 2, '防风衣', 0, 0, 0, NULL, '0.3500', 1),
(181, 2, '长袖T恤', 0, 0, 0, NULL, '0.4000', 1),
(182, 3, '头灯', 0, 0, 0, NULL, '0.2000', 0),
(183, 3, '吊床', 0, 0, 0, NULL, '1.0000', 0),
(184, 3, '防雨罩', 0, 0, 0, NULL, '0.0000', 0),
(185, 3, '快挂', 0, 0, 0, NULL, '0.0000', 0),
(186, 3, '大镐', 0, 0, 0, NULL, '0.0000', 0),
(187, 1, '跑步灯', 0, -1, 0, NULL, '0.1000', 0),
(188, 3, '保养剂', 0, 0, 0, NULL, '0.3000', 0),
(189, 3, '跳绳', 0, 0, 0, NULL, '0.0000', 0),
(190, 3, '折叠桌', 0, 0, 0, NULL, '0.0000', 0),
(191, 3, '营地灯', 0, 0, 0, NULL, '0.0000', 0),
(192, 3, '扁带环', 0, 0, 0, NULL, '0.0000', 0),
(193, 3, '头盔', 0, 0, 0, NULL, '0.0000', 0),
(194, 3, '餐具', 0, 0, 0, NULL, '0.0000', 0),
(195, 3, '装备', 0, 0, 0, NULL, '0.0000', 0),
(196, 3, '充电器', 0, 0, 0, NULL, '0.0000', 0),
(197, 3, '高尔夫球包', 0, 0, 0, NULL, '0.0000', 3),
(198, 3, '高尔夫球', 0, 0, 0, NULL, '0.0000', 0),
(199, 3, '高尔夫球杆', 0, 0, 0, NULL, '0.0000', 0),
(200, 3, '泳帽', 0, 0, 0, NULL, '0.0000', 0),
(201, 3, '泳镜', 0, 0, 0, NULL, '0.0000', 0),
(202, 2, '家居服', 0, 0, 0, NULL, '0.0000', 1),
(203, 3, '网球拍', 0, 0, 0, NULL, '0.0000', 0),
(204, 3, '玩偶', 0, 0, 0, NULL, '0.0000', 0),
(205, 2, '抓绒裤', 0, 0, 0, NULL, '0.0000', 2),
(206, 3, '手提包', 0, 0, 0, NULL, '0.0000', 3),
(207, 3, '头带', 0, -1, 0, NULL, '0.0000', 0),
(208, 3, '护耳', 0, 0, 0, NULL, '0.0000', 0),
(209, 1, '短靴', 0, 0, 0, NULL, '0.0000', 0),
(210, 3, '滤镜', 0, 0, 0, NULL, '0.0000', 0),
(211, 3, '耳塞', 0, 0, 0, NULL, '0.0000', 0),
(212, 3, '泳帽', 0, -1, 0, NULL, '0.0000', 0),
(213, 3, '护具', 0, 0, 0, NULL, '0.0000', 0),
(214, 2, '骑行服', 0, 0, 0, NULL, '0.0000', 1),
(215, 2, '骑行裤', 0, 0, 0, NULL, '0.0000', 2),
(216, 3, '护面罩', 0, 0, 0, NULL, '0.0000', 0),
(217, 2, '滑雪服', 0, 0, 0, NULL, '0.0000', 1),
(218, 2, '比赛上衣', 0, 0, 0, NULL, '0.0000', 1),
(219, 2, '比赛裤', 0, 0, 0, NULL, '0.0000', 2),
(220, 2, '篮球服', 0, 0, 0, NULL, '0.3000', 1),
(221, 3, '吸汗带', 0, 0, 0, NULL, '0.0000', 0),
(222, 2, '健身服', 0, 0, 0, NULL, '0.0000', 1),
(223, 3, '握把胶', 0, 0, 0, NULL, '0.0000', 0),
(224, 3, '毯子', 0, 0, 0, NULL, '0.0000', 0),
(225, 3, '臂袋', 0, -1, 0, NULL, '0.0000', 0),
(226, 2, '长裙', 0, 0, 0, NULL, '0.0000', 2),
(227, 2, '棉羽', 0, 0, 0, NULL, '1.0000', 1),
(228, 3, '健身袋', 0, 0, 0, NULL, '0.0000', 0),
(229, 3, '登山杖', 0, 0, 0, NULL, '0.5000', 0),
(230, 3, '袖套', 0, 0, 0, NULL, '0.0000', 0),
(231, 1, '军靴', 0, 0, 0, NULL, '0.0000', 0),
(232, 2, '网球服', 0, 0, 0, NULL, '0.0000', 1),
(233, 3, '抓绒毯', 0, 0, 0, NULL, '0.0000', 0),
(234, 1, '沙滩鞋', 0, 0, 0, NULL, '0.0000', 0),
(235, 2, '滑雪裤', 0, 0, 0, NULL, '0.0000', 2),
(236, 2, '针织套装', 0, 0, 0, NULL, '0.0000', 0),
(237, 3, '臂带', 0, -1, 0, NULL, '0.0000', 0),
(238, 3, '礼盒', 0, 0, 0, NULL, '0.0000', 0),
(239, 3, '护理', 0, 0, 0, NULL, '0.0000', 0),
(240, 3, '手表', 0, 0, 0, NULL, '0.0000', 0),
(241, 3, '水壶', 0, 0, 0, NULL, '0.2500', 0),
(242, 3, '护臂', 0, 0, 0, NULL, '0.2000', 0),
(243, 3, '露营灯', 0, 0, 0, NULL, '0.0000', 0),
(244, 3, '口哨', 0, 0, 0, NULL, '0.0000', 0),
(245, 3, '牙套', 0, 0, 0, NULL, '0.0000', 0),
(246, 1, '高跟鞋', 0, 0, 0, NULL, '0.0000', 0),
(247, 2, '泳衣', 0, 0, 0, NULL, '0.3000', 1),
(248, 2, '泳裤', 0, 0, 0, NULL, '0.2000', 2),
(249, 3, '浮水板', 0, 0, 0, NULL, '0.0000', 0),
(250, 3, '救生圈', 0, 0, 0, NULL, '0.0000', 0),
(251, 1, '健步鞋', 0, 0, 0, NULL, '0.0000', 5),
(252, 3, '防潮垫', 0, 0, 0, NULL, '0.0000', 0),
(253, 3, '太阳镜', 0, 0, 0, NULL, '0.0000', 0),
(254, 3, '手臂包', 0, 0, 0, NULL, '0.0000', 3),
(255, 2, '背带裤', 0, 0, 0, NULL, '0.0000', 2),
(256, 3, '压缩袋', 0, 0, 0, NULL, '0.0000', 0),
(257, 3, '洗漱包', 0, 0, 0, NULL, '0.0000', 3),
(258, 1, '溯溪鞋', 0, 0, 0, NULL, '0.0000', 5),
(259, 3, '瑜伽垫', 0, 0, 0, NULL, '0.0000', 0),
(260, 3, '手机套', 0, 0, 0, NULL, '0.0000', 0),
(261, 1, '靴子', 0, 0, 0, NULL, '0.0000', 0),
(262, 3, '鞋袋', 0, 0, 0, NULL, '0.0000', 0),
(263, 3, '臂袋', 0, -1, 0, NULL, '0.0000', 0),
(264, 1, '滑板鞋', 0, 0, 0, NULL, '0.0000', 0),
(265, 3, '泳镜', 0, -1, 0, NULL, '0.0000', 0),
(266, 3, '手环', 0, 0, 0, NULL, '0.0000', 0),
(267, 3, '手电筒', 0, -1, 0, NULL, '0.0000', 0),
(268, 3, '折叠椅', 0, 0, 0, NULL, '0.0000', 0),
(269, 3, '野餐垫', 0, 0, 0, NULL, '0.0000', 0),
(270, 2, '足球服', 0, 0, 0, NULL, '0.3000', 1),
(271, 3, '泳装', 0, 0, 0, NULL, '0.0000', 1),
(272, 3, '耳塞', 0, -1, 0, NULL, '0.0000', 0),
(273, 3, '瑜伽滚轮', 0, 0, 0, NULL, '0.0000', 0),
(274, 3, '握力器', 0, 0, 0, NULL, '0.0000', 0),
(275, 3, '队包', 0, 0, 0, NULL, '0.0000', 3),
(276, 3, '毛巾', 0, -1, 0, NULL, '0.0000', 0),
(277, 2, '连体裤', 0, 0, 0, NULL, '0.0000', 2),
(278, 2, '瑜伽服', 0, 0, 0, NULL, '0.0000', 1),
(279, 2, '裙裤', 0, 0, 0, NULL, '0.0000', 2),
(280, 3, '腰带', 0, -1, 0, NULL, '0.0000', 0),
(281, 3, '健身袋', 0, -1, 0, NULL, '0.0000', 0),
(282, 3, '束发带', 0, 0, 0, NULL, '0.2000', 0),
(283, 3, '按摩棒', 0, 0, 0, NULL, '0.0000', 0),
(284, 3, '按摩球', 0, 0, 0, NULL, '0.0000', 0),
(285, 3, '浴巾', 0, 0, 0, NULL, '0.0000', 0),
(286, 3, '哑铃', 0, 0, 0, NULL, '0.0000', 0),
(287, 3, '驼包', 0, 0, 0, NULL, '0.0000', 3),
(288, 0, '小', 0, -1, 0, NULL, '0.0000', 0),
(289, 3, '健身包', 0, 0, 0, NULL, '0.0000', 3),
(290, 3, '计步器', 0, -1, 0, NULL, '0.0000', 0),
(291, 1, '营地鞋', 0, 0, 0, NULL, '0.0000', 0),
(292, 3, '健身袋', 0, -1, 0, NULL, '0.0000', 0),
(293, 3, '手袖', 0, 0, 0, NULL, '0.0000', 0),
(294, 2, '连体衣', 0, 0, 0, NULL, '0.0000', 1),
(295, 3, '袖标', 0, 0, 0, NULL, '0.0000', 0),
(296, 3, '足球袜', 0, 0, 0, NULL, '0.1500', 0),
(297, 3, '弹力绳', 0, 0, 0, NULL, '0.0000', 0),
(298, 3, '足球套装', 0, 0, 0, NULL, '0.0000', 0),
(299, 3, '钥匙包', 0, 0, 0, NULL, '0.0000', 3),
(300, 2, '羽绒裤', 0, 0, 0, NULL, '0.0000', 2),
(301, 3, '收纳包', 0, 0, 0, NULL, '0.0000', 3),
(302, 3, '登山包', 0, 0, 0, NULL, '0.0000', 3),
(303, 3, '远足包', 0, 0, 0, NULL, '0.0000', 3),
(304, 2, '卫衣', 0, 0, 0, NULL, '0.5000', 1),
(305, 2, '连帽卫衣', 0, 0, 0, NULL, '0.7000', 1),
(306, 2, 'POLO短袖', 0, 0, 0, NULL, '0.3000', 1),
(307, 2, '针织夹克', 0, 0, 0, NULL, '0.5900', 1),
(308, 2, '紧身中裤', 0, 0, 0, NULL, '0.0000', 2),
(309, 2, '短袖T恤', 0, 0, 0, NULL, '0.3000', 1),
(310, 2, '运动Bra', 0, 0, 0, NULL, '0.2000', 1),
(311, 2, '梭织连帽夹克', 0, 0, 0, NULL, '0.5000', 1),
(312, 2, '针织连帽夹克', 0, 0, 0, NULL, '0.7000', 1),
(313, 2, '梭织夹克', 0, 0, 0, NULL, '0.4500', 1),
(314, 2, '九分裤', 0, 0, 0, NULL, '0.0000', 2),
(315, 2, '七分裤', 0, 0, 0, NULL, '0.0000', 2),
(316, 2, '针织短裤', 0, 0, 0, NULL, '0.3400', 2),
(317, 3, '球袋', 0, 0, 0, NULL, '0.0000', 0),
(318, 3, '护指', 0, 0, 0, NULL, '0.0000', 0),
(319, 3, '训练手套', 0, 0, 0, NULL, '0.1500', 0),
(320, 3, '髌骨带', 0, 0, 0, NULL, '0.0000', 0),
(321, 3, '运动水壶', 0, 0, 0, NULL, '0.0000', 0),
(322, 3, '臂带', 0, 0, 0, NULL, '0.0000', 0),
(323, 2, '足球套装', 0, 0, 0, NULL, '0.0000', 0),
(324, 3, '拍线', 0, 0, 0, NULL, '0.0000', 0),
(325, 3, '球拍包', 0, 0, 0, NULL, '0.0000', 3),
(326, 3, '鞋包', 0, 0, 0, NULL, '0.0000', 3),
(327, 3, '防雨罩', 0, 0, 0, NULL, '0.0000', 0),
(328, 3, '抽绳包', 0, 0, 0, NULL, '0.4500', 3),
(329, 3, '拎包', 0, 0, 0, NULL, '0.0000', 3),
(330, 3, '海绵', 0, 0, 0, NULL, '0.0000', 0),
(331, 3, '涂蜡', 0, 0, 0, NULL, '0.0000', 0),
(332, 3, '夹网折叠水桶', 0, 0, 0, NULL, '0.0000', 0),
(333, 3, '透明折叠水桶', 0, 0, 0, NULL, '0.0000', 0),
(334, 3, '挡风板', 0, 0, 0, NULL, '0.0000', 0),
(335, 3, '铲子', 0, 0, 0, NULL, '0.0000', 0),
(336, 3, '弹弓', 0, 0, 0, NULL, '0.0000', 0),
(337, 3, '蚊帐', 0, 0, 0, NULL, '0.0000', 0),
(338, 3, '急救毯', 0, 0, 0, NULL, '0.0000', 0),
(339, 3, '军用指南针', 0, 0, 0, NULL, '0.0000', 0),
(340, 3, '手电', 0, 0, 0, NULL, '0.0000', 0),
(341, 3, '营灯', 0, 0, 0, NULL, '0.0000', 0),
(342, 3, '车用组合应急锤', 0, 0, 0, NULL, '0.0000', 0),
(343, 3, '防水袋', 0, 0, 0, NULL, '0.0000', 0),
(344, 3, '指甲钳', 0, 0, 0, NULL, '0.0000', 0),
(345, 3, '口哨', 0, -1, 0, NULL, '0.0000', 0),
(346, 3, '防水仓', 0, 0, 0, NULL, '0.0000', 0),
(347, 3, '求生手环', 0, 0, 0, NULL, '0.0000', 0),
(348, 3, '快挂', 0, 0, 0, NULL, '0.0000', 0),
(349, 3, '开瓶器', 0, 0, 0, NULL, '0.0000', 0),
(350, 3, 'LED灯', 0, 0, 0, NULL, '0.0000', 0),
(351, 3, '挂绳', 0, 0, 0, NULL, '0.0000', 0),
(352, 3, '帽袜套装', 0, 0, 0, NULL, '0.0000', 0),
(353, 2, '梭织短裤', 0, 0, 0, NULL, '0.3000', 2),
(354, 2, '紧身短裤', 0, 0, 0, NULL, '0.3000', 2),
(355, 3, '跑步围脖', 0, -1, 0, NULL, '0.2500', 0),
(356, 3, '瑜伽砖', 0, 0, 0, NULL, '0.0000', 0),
(357, 3, '泡沫轴', 0, 0, 0, NULL, '0.0000', 0),
(358, 3, '手掌保护套', 0, 0, 0, NULL, '0.0000', 0),
(359, 1, '赛车鞋', 0, -1, 0, NULL, '0.0000', 0),
(360, 3, '烤炉', 0, 0, 0, NULL, '0.0000', 0),
(361, 3, '折叠桌', 0, -1, 0, NULL, '0.0000', 0),
(362, 3, '三脚架', 0, 0, 0, NULL, '0.0000', 0),
(363, 3, '木炭', 0, 0, 0, NULL, '0.0000', 0),
(364, 3, '自驾套装', 0, 0, 0, NULL, '0.0000', 0),
(365, 3, '防风炉套装', 0, 0, 0, NULL, '0.0000', 0),
(366, 3, '泡茶器', 0, 0, 0, NULL, '0.0000', 0),
(367, 3, '餐具三件套', 0, 0, 0, NULL, '0.0000', 0),
(368, 3, '调料套装', 0, 0, 0, NULL, '0.0000', 0),
(369, 3, '鸡蛋保护盒', 0, 0, 0, NULL, '0.0000', 0),
(370, 3, '单锅', 0, 0, 0, NULL, '0.0000', 0),
(371, 3, '套锅', 0, 0, 0, NULL, '0.0000', 0),
(372, 3, '茶壶', 0, 0, 0, NULL, '0.0000', 0),
(373, 3, '炉头', 0, 0, 0, NULL, '0.0000', 0),
(374, 3, '气垫', 0, 0, 0, NULL, '0.0000', 0),
(375, 3, '防晒包', 0, 0, 0, NULL, '0.0000', 3),
(376, 1, '排球鞋', 0, 0, 0, NULL, '0.0000', 0),
(377, 3, '手蹼', 0, 0, 0, NULL, '0.0000', 0),
(378, 2, '篮球套装', 0, 0, 0, NULL, '0.0000', 0),
(379, 3, '守门员手套', 0, 0, 0, NULL, '1.0000', 0),
(380, 3, '排球', 0, 0, 0, NULL, '0.0000', 0),
(381, 3, '护指套', 0, 0, 0, NULL, '0.0000', 0),
(382, 3, '俯卧撑架', 0, 0, 0, NULL, '0.0000', 0),
(383, 9, '短袖T恤', 0, 0, 0, NULL, '0.0000', 1),
(384, 3, '公仔', 0, 0, 0, NULL, '0.0000', 0),
(385, 3, '洗洁剂', 0, 0, 0, NULL, '0.0000', 0),
(386, 3, '袖标', 0, -1, 0, NULL, '0.0000', 0),
(387, 3, '臂包', 0, 0, 0, NULL, '0.0000', 3),
(388, 3, '保护套', 0, 0, 0, NULL, '0.0000', 0),
(389, 3, '充气枕', 0, 0, 0, NULL, '0.0000', 0),
(390, 3, '卡包', 0, 0, 0, NULL, '0.0000', 3),
(391, 3, '购物袋', 0, 0, 0, NULL, '0.0000', 0),
(392, 2, '长袖衬衫', 0, 0, 0, NULL, '0.0000', 1),
(393, 1, '乒乓球鞋', 0, 0, 0, NULL, '0.0000', 0),
(394, 2, '毛衣', 0, 0, 0, NULL, '0.0000', 1),
(395, 3, '护腿', 0, 0, 0, NULL, '0.0000', 0),
(396, 3, '篮球短裤', 0, -1, 0, NULL, '0.0000', 2),
(397, 3, '足球短裤', 0, -1, 0, NULL, '0.0000', 2),
(398, 2, '棉马甲', 0, -1, 0, NULL, '0.0000', 1),
(399, 3, '羽毛球包', 0, 0, 0, NULL, '0.0000', 3),
(400, 3, '羽毛球拍线', 0, 0, 0, NULL, '0.0000', 0),
(401, 3, '围脖', 0, 0, 0, NULL, '0.0000', 0),
(402, 3, '针织三件套', 0, 0, 0, NULL, '0.0000', 1),
(403, 3, '针织两件套', 0, 0, 0, NULL, '0.0000', 1),
(404, 3, '篮球包', 0, -1, 0, NULL, '0.0000', 3),
(405, 2, '文化衫', 0, 0, 0, NULL, '0.0000', 1),
(406, 3, '石英表', 0, 0, 0, NULL, '0.0000', 0),
(407, 2, '连裤袜', 0, 0, 0, NULL, '0.0000', 0),
(408, 2, '打底裤裙', 0, 0, 0, NULL, '0.0000', 2),
(409, 3, '帽子手套套装', 0, -1, 0, NULL, '0.0000', 0),
(410, 3, '手套帽子', 0, 0, 0, NULL, '0.0000', 0),
(411, 3, '购物袋', 0, -1, 0, NULL, '0.0000', 0),
(412, 1, '高尔夫球鞋', 0, -1, 0, NULL, '0.0000', 5),
(413, 3, '浴袍', 0, 0, 0, NULL, '0.0000', 0),
(414, 1, '学步鞋', 0, 0, 0, NULL, '0.0000', 0),
(415, 2, '棉裤', 0, 0, 0, NULL, '0.0000', 2),
(416, 1, '雨靴', 0, 0, 0, NULL, '0.0000', 0),
(417, 3, '鞋扣', 0, 0, 0, NULL, '0.0000', 0),
(418, 3, '皮革润滑油', 0, 0, 0, NULL, '0.0000', 0),
(419, 2, '毛衣', 0, -1, 0, NULL, '0.0000', 1),
(420, 3, '赠品', 0, 0, 0, NULL, '0.0000', 0),
(421, 2, '短袖衬衫', 0, 0, 0, NULL, '0.0000', 1),
(422, 2, '紧身裤', 0, 0, 0, NULL, '0.0000', 2),
(423, 3, '礼盒', 0, -1, 0, NULL, '0.0000', 0),
(424, 3, '娱乐球', 0, 0, 0, NULL, '0.0000', 0),
(425, 3, '皮带', 0, 0, 0, NULL, '0.0000', 0),
(426, 3, '冰带', 0, 0, 0, NULL, '0.0000', 0),
(427, 2, '比赛服', 0, 0, 0, NULL, '0.0000', 1),
(428, 3, '小袋包', 0, 0, 0, NULL, '0.0000', 3),
(429, 2, '裙裤', 0, -1, 0, NULL, '0.0000', 2),
(430, 2, '运动套装', 0, 0, 0, NULL, '0.0000', 1),
(431, 2, '皮肤衣', 0, 0, 0, NULL, '0.0000', 1),
(432, 1, '低帮鞋', 0, 0, 0, NULL, '0.0000', 0),
(433, 2, '健身裤', 0, 0, 0, NULL, '0.0000', 2),
(434, 2, '沙滩裤', 0, 0, 0, NULL, '0.0000', 2),
(435, 3, '跑步机', 0, 0, 0, NULL, '0.0000', 0),
(436, 3, '游泳板', 0, 0, 0, NULL, '0.0000', 0),
(437, 3, '胸包', 0, 0, 0, NULL, '0.0000', 3),
(438, 3, '中置管', 0, 0, 0, NULL, '0.0000', 0),
(439, 3, '臂套', 0, 0, 0, NULL, '0.0000', 0),
(440, 3, '鼓包', 0, 0, 0, NULL, '0.0000', 3),
(441, 2, '速干套装', 0, 0, 0, NULL, '0.0000', 1),
(442, 3, '护髌骨', 0, 0, 0, NULL, '0.0000', 0),
(443, 3, '护大腿', 0, 0, 0, NULL, '0.0000', 0),
(444, 3, '护裆', 0, 0, 0, NULL, '0.0000', 0),
(445, 3, '护小腿', 0, 0, 0, NULL, '0.0000', 0),
(446, 3, '护腰', 0, -1, 0, NULL, '0.0000', 0),
(447, 3, '护指', 0, 0, 0, NULL, '0.0000', 0),
(448, 3, '护肋骨', 0, 0, 0, NULL, '0.0000', 0),
(449, 3, '肌肉贴', 0, 0, 0, NULL, '0.0000', 0),
(450, 3, '矫正带', 0, 0, 0, NULL, '0.0000', 0),
(451, 3, '皮肤膜', 0, 0, 0, NULL, '0.0000', 0),
(452, 3, '喷雾', 0, 0, 0, NULL, '0.0000', 0),
(453, 3, '腰带', 0, 0, 0, NULL, '0.0000', 0),
(454, 3, '高尔夫球杆包', 0, -1, 0, NULL, '0.0000', 3),
(455, 3, '绷带', 0, 0, 0, NULL, '0.0000', 0),
(456, 3, '护肩', 0, 0, 0, NULL, '0.0000', 0),
(457, 3, '球网架', 0, 0, 0, NULL, '0.0000', 0),
(458, 3, '球道木', 0, 0, 0, NULL, '0.0000', 0),
(459, 3, '脚蹼', 0, 0, 0, NULL, '0.0000', 0),
(460, 3, '障碍物', 0, 0, 0, NULL, '0.0000', 0),
(461, 3, '瑜伽球', 0, 0, 0, NULL, '0.0000', 0),
(462, 3, '俯卧撑支架', 0, 0, 0, NULL, '1.0000', 0),
(463, 3, '礼帽', 0, 0, 0, NULL, '0.0000', 4),
(464, 2, '短裤/短裙', 0, 0, 0, NULL, '0.0000', 2),
(465, 3, '衣架', 0, 0, 0, NULL, '0.0000', 0),
(466, 3, '跨栏', 0, 0, 0, NULL, '0.0000', 0),
(467, 3, '仰卧板', 0, 0, 0, NULL, '0.0000', 0),
(468, 3, '耳机', 0, 0, 0, NULL, '0.0000', 0),
(469, 3, '披巾', 0, 0, 0, NULL, '0.0000', 0),
(470, 3, '滑板车', 0, 0, 0, NULL, '0.0000', 0),
(471, 3, '训练带', 0, 0, 0, NULL, '0.0000', 0),
(472, 3, '高尔夫球标', 0, 0, 0, NULL, '0.0000', 0),
(473, 3, '气灯', 0, 0, 0, NULL, '0.0000', 0),
(474, 3, '收纳袋', 0, 0, 0, NULL, '0.0000', 0),
(475, 3, '烧烤架', 0, 0, 0, NULL, '0.0000', 0),
(476, 3, '电热水壶', 0, 0, 0, NULL, '0.0000', 0),
(477, 3, '防雾剂', 0, 0, 0, NULL, '0.0000', 0),
(478, 3, '拉力带', 0, 0, 0, NULL, '0.0000', 0),
(479, 3, '泳圈', 0, 0, 0, NULL, '0.0000', 0),
(480, 3, '足球战术板', 0, 0, 0, NULL, '0.0000', 0),
(481, 3, '羽球柄皮', 0, 0, 0, NULL, '0.0000', 0),
(482, 3, '护甲', 0, 0, 0, NULL, '0.0000', 0),
(483, 3, '羽毛球柄皮', 0, 0, 0, NULL, '0.0000', 0),
(484, 3, '高尔夫手套', 0, 0, 0, NULL, '0.0000', 0),
(485, 3, '挎包', 0, 0, 0, NULL, '0.0000', 3),
(486, 2, '羽毛球服', 0, 0, 0, NULL, '0.0000', 1),
(487, 3, '滑雪镜', 0, 0, 0, NULL, '0.0000', 0),
(488, 3, '工具', 0, 0, 0, NULL, '0.0000', 0),
(489, 1, '户外鞋', 0, 0, 0, NULL, '0.0000', 5),
(490, 2, '背带裙', 0, 0, 0, NULL, '0.0000', 2),
(491, 3, '迷你球', 0, 0, 0, NULL, '0.0000', 0),
(492, 3, '冰巾', 0, 0, 0, NULL, '0.0000', 0),
(493, 3, '器材', 0, 0, 0, NULL, '0.0000', 0),
(494, 1, '拖鞋/凉鞋', 0, 0, 0, NULL, '0.0000', 0),
(495, 2, '篮球短裤', 0, 0, 0, NULL, '0.0000', 2),
(496, 2, '软壳长裤', 0, 0, 0, NULL, '0.0000', 2),
(497, 3, '发带', 0, 0, 0, NULL, '0.1000', 0),
(498, 3, '水具', 0, 0, 0, NULL, '0.0000', 0),
(499, 2, '非压胶裤', 0, 0, 0, NULL, '0.0000', 0),
(500, 2, '软壳夹克', 0, 0, 0, NULL, '0.0000', 0),
(501, 2, '针织外套', 0, 0, 0, NULL, '0.0000', 0),
(502, 2, '裤裙', 0, 0, 0, NULL, '0.0000', 0),
(503, 3, '笔袋', 0, 0, 0, NULL, '0.0000', 0),
(504, 2, '乒乓球服', 0, 0, 0, NULL, '0.0000', 0),
(505, 3, '乒乓球包', 0, 0, 0, NULL, '0.0000', 0),
(506, 2, '速干长裤', 0, 0, 0, NULL, '0.0000', 0),
(507, 3, '瑜伽球', 0, -1, 0, NULL, '0.0000', 0),
(508, 3, '救生衣', 0, 0, 0, NULL, '0.0000', 0),
(509, 3, '肌肉贴', 0, 0, 0, NULL, '0.0000', 0),
(510, 3, '腕带', 0, 0, 0, NULL, '0.0000', 0),
(511, 3, '冰袖', 0, 0, 0, NULL, '0.0000', 0),
(512, 3, '雪套', 0, 0, 0, NULL, '0.0000', 0),
(513, 3, '塑胶框', 0, 0, 0, NULL, '0.0000', 0),
(514, 3, '瑜伽转', 0, 0, 0, NULL, '0.0000', 0),
(515, 3, '瑜伽柱', 0, 0, 0, NULL, '0.0000', 0),
(516, 3, '鼻夹', 0, 0, 0, NULL, '0.0000', 0),
(517, 3, '折叠椅', 0, 0, 0, NULL, '5.0000', 0),
(518, 3, '橄榄球', 0, 0, 0, NULL, '0.0000', 0),
(519, 3, '呼啦圈', 0, 0, 0, NULL, '0.0000', 0),
(520, 3, '踏步机', 0, 0, 0, NULL, '0.0000', 0),
(521, 3, '引体向上杆', 0, 0, 0, NULL, '0.0000', 0),
(522, 3, '壶铃', 0, 0, 0, NULL, '0.0000', 0),
(523, 3, '重力球', 0, 0, 0, NULL, '0.0000', 0),
(524, 3, '鼻夹耳塞', 0, 0, 0, NULL, '0.0000', 0),
(525, 3, '乒乓球桌网', 0, 0, 0, NULL, '0.0000', 0),
(526, 3, '网球练习器', 0, 0, 0, NULL, '0.0000', 0),
(527, 3, '钳子', 0, -1, 0, NULL, '0.0000', 0),
(528, 3, '羽毛球拍标记板', 0, 0, 0, NULL, '0.0000', 0),
(529, 3, '标记笔', 0, 0, 0, NULL, '0.0000', 0),
(530, 3, '吊床悬挂带', 0, 0, 0, NULL, '0.0000', 0),
(531, 3, '充气枕头', 0, 0, 0, NULL, '0.0000', 0),
(532, 3, 'U型枕', 0, 0, 0, NULL, '0.0000', 0),
(533, 3, '防水包', 0, -1, 0, NULL, '0.0000', 0),
(534, 3, '眼罩', 0, 0, 0, NULL, '0.0000', 0),
(535, 3, '密码锁', 0, 0, 0, NULL, '0.0000', 0),
(536, 3, '手套围巾', 0, 0, 0, NULL, '0.0000', 0),
(537, 3, '护线钉', 0, 0, 0, NULL, '0.0000', 0),
(538, 3, '便携式网柱', 0, 0, 0, NULL, '0.0000', 0),
(539, 3, '门上单杠', 0, 0, 0, NULL, '0.0000', 0),
(540, 3, '气压表', 0, 0, 0, NULL, '0.0000', 0),
(541, 1, '棒球鞋', 0, 0, 0, NULL, '0.0000', 0),
(542, 3, '头带', 0, 0, 0, NULL, '0.0000', 0),
(543, 3, '健腹轮', 0, 0, 0, NULL, '0.0000', 0),
(544, 3, '健腹轮', 0, -1, 0, NULL, '0.0000', 0),
(545, 3, '腹肌盘', 0, 0, 0, NULL, '0.0000', 0),
(546, 3, '拳击护齿', 0, 0, 0, NULL, '0.0000', 0),
(547, 3, '拉力圈', 0, 0, 0, NULL, '0.0000', 0),
(548, 3, '垂钓小配件', 0, 0, 0, NULL, '0.0000', 0),
(549, 3, '抛投竿-筏竿', 0, 0, 0, NULL, '0.0000', 0),
(550, 3, '抛投竿-海竿', 0, 0, 0, NULL, '0.0000', 0),
(551, 3, '抛投竿-矶钓竿', 0, 0, 0, NULL, '0.0000', 0),
(552, 3, '抛投竿-路亚竿', 0, 0, 0, NULL, '0.0000', 0),
(553, 3, '抛投装备-路亚饵', 0, 0, 0, NULL, '0.0000', 0),
(554, 3, '抛投装备-路亚钳，控鱼器', 0, 0, 0, NULL, '0.0000', 0),
(555, 3, '抛投装备-其他抛投装备', 0, 0, 0, NULL, '0.0000', 0),
(556, 3, '抛投装备-鱼线轮', 0, 0, 0, NULL, '0.0000', 0),
(557, 3, '抛投装备-鱼线轮', 0, -1, 0, NULL, '0.0000', 0),
(558, 3, '配件-浮漂', 0, 0, 0, NULL, '0.0000', 0),
(559, 3, '配件-铃铛', 0, 0, 0, NULL, '0.0000', 0),
(560, 3, '配件-其他配件', 0, 0, 0, NULL, '0.0000', 0),
(561, 3, '配件-失手绳', 0, 0, 0, NULL, '0.0000', 0),
(562, 3, '配件-鱼饵', 0, 0, 0, NULL, '0.0000', 0),
(563, 3, '配件-鱼钩', 0, 0, 0, NULL, '0.0000', 0),
(564, 3, '配件-鱼线', 0, 0, 0, NULL, '0.0000', 0),
(565, 3, '配件-渔网虾笼', 0, 0, 0, NULL, '0.0000', 0),
(566, 3, '配件-止血钳', 0, 0, 0, NULL, '0.0000', 0),
(567, 3, '手竿-大物竿', 0, 0, 0, NULL, '0.0000', 0),
(568, 3, '手竿-黑坑竿', 0, 0, 0, NULL, '0.0000', 0),
(569, 3, '手竿-湖库竿', 0, 0, 0, NULL, '0.0000', 0),
(570, 3, '手竿-鲫鱼竿', 0, 0, 0, NULL, '0.0000', 0),
(571, 3, '手竿-炮竿', 0, 0, 0, NULL, '0.0000', 0),
(572, 3, '手竿-溪流竿', 0, 0, 0, NULL, '0.0000', 0),
(573, 3, '小配件-八字环', 0, 0, 0, NULL, '0.0000', 0),
(574, 3, '小配件-竿止', 0, 0, 0, NULL, '0.0000', 0),
(575, 3, '小配件-漂座', 0, 0, 0, NULL, '0.0000', 0),
(576, 3, '小配件-铅皮座', 0, 0, 0, NULL, '0.0000', 0),
(577, 3, '小配件-铅坠', 0, 0, 0, NULL, '0.0000', 0),
(578, 3, '小配件-太空豆', 0, 0, 0, NULL, '0.0000', 0),
(579, 3, '装备-绑钩器', 0, 0, 0, NULL, '0.0000', 0),
(580, 3, '装备-抄网', 0, 0, 0, NULL, '0.0000', 0),
(581, 3, '装备-抄网头', 0, 0, 0, NULL, '0.0000', 0),
(582, 3, '装备-钓伞', 0, 0, 0, NULL, '0.0000', 0),
(583, 3, '装备-钓台', 0, 0, 0, NULL, '0.0000', 0),
(584, 3, '装备-钓箱', 0, 0, 0, NULL, '0.0000', 0),
(585, 3, '装备-钓鱼灯', 0, 0, 0, NULL, '0.0000', 0),
(586, 3, '装备-钓鱼服', 0, 0, 0, NULL, '0.0000', 0),
(587, 3, '装备-钓鱼帽', 0, 0, 0, NULL, '0.0000', 0),
(588, 3, '装备-钓鱼手套', 0, 0, 0, NULL, '0.0000', 0),
(589, 3, '装备-钓鱼椅凳', 0, 0, 0, NULL, '0.0000', 0),
(590, 3, '装备-饵盘饵盆拉饵盘', 0, 0, 0, NULL, '0.0000', 0),
(591, 3, '装备-竿包', 0, 0, 0, NULL, '0.0000', 0),
(592, 3, '装备-漂盒', 0, 0, 0, NULL, '0.0000', 0),
(593, 3, '装备-其他垂钓用品', 0, 0, 0, NULL, '0.0000', 0),
(594, 3, '装备-脱钩器', 0, 0, 0, NULL, '0.0000', 0),
(595, 3, '装备-线盒', 0, 0, 0, NULL, '0.0000', 0),
(596, 3, '装备-鱼护', 0, 0, 0, NULL, '0.0000', 0),
(597, 3, '装备-支架', 0, 0, 0, NULL, '0.0000', 0),
(598, 3, '装备-装鱼桶', 0, 0, 0, NULL, '0.0000', 0),
(599, 3, '弹力带', 0, 0, 0, NULL, '0.0000', 0),
(600, 3, '止汗带', 0, 0, 0, NULL, '0.0000', 0),
(601, 3, '支撑器', 0, 0, 0, NULL, '0.0000', 0),
(602, 3, '抛投竿-筏竿套装', 0, 0, 0, NULL, '0.0000', 0),
(603, 3, '抛投装备-其他抛投装备套装', 0, 0, 0, NULL, '0.0000', 0),
(604, 3, '配件-其他配件套装', 0, 0, 0, NULL, '0.0000', 0),
(605, 3, '配件-鱼钩套装', 0, 0, 0, NULL, '0.0000', 0),
(606, 3, '小配件-铅皮座套装', 0, 0, 0, NULL, '0.0000', 0),
(607, 3, '小配件-铅坠套装', 0, 0, 0, NULL, '0.0000', 0),
(608, 3, '夜光漂电池套装', 0, 0, 0, NULL, '0.0000', 0),
(609, 3, '赠品产品', 0, 0, 0, NULL, '0.0000', 0),
(610, 3, '装备-抄网套装', 0, 0, 0, NULL, '0.0000', 0),
(611, 3, '装备-钓鱼灯套装', 0, 0, 0, NULL, '0.0000', 0),
(612, 3, '装备-钓鱼服套装', 0, 0, 0, NULL, '0.0000', 0),
(613, 3, '装备-钓鱼椅凳套装', 0, 0, 0, NULL, '0.0000', 0),
(614, 3, '装备-饵盘饵盆拉饵盘套装', 0, 0, 0, NULL, '0.0000', 0),
(615, 3, '装备-其他垂钓用品套装', 0, 0, 0, NULL, '0.0000', 0),
(616, 3, '装备-线盒套装', 0, 0, 0, NULL, '0.0000', 0),
(617, 3, '装备-支架套装', 0, 0, 0, NULL, '0.0000', 0),
(618, 3, '垂钓小配件套装', 0, 0, 0, NULL, '0.0000', 0),
(619, 3, '抛投竿-海竿套装', 0, 0, 0, NULL, '0.0000', 0),
(620, 3, '抛投竿-矶钓竿套装', 0, 0, 0, NULL, '0.0000', 0),
(621, 3, '抛投竿-路亚竿套装', 0, 0, 0, NULL, '0.0000', 0),
(622, 3, '抛投竿-马口竿', 0, 0, 0, NULL, '0.0000', 0),
(623, 3, '抛投竿-马口竿套装', 0, 0, 0, NULL, '0.0000', 0),
(624, 3, '抛投装备-路亚饵套装', 0, 0, 0, NULL, '0.0000', 0),
(625, 3, '抛投装备-路亚钳，控鱼器套装', 0, 0, 0, NULL, '0.0000', 0),
(626, 3, '配件-浮漂套装', 0, 0, 0, NULL, '0.0000', 0),
(627, 3, '配件-铃铛套装', 0, 0, 0, NULL, '0.0000', 0),
(628, 3, '配件-鱼饵套装', 0, 0, 0, NULL, '0.0000', 0),
(629, 3, '配件-鱼钩套装', 0, 0, 0, NULL, '0.0000', 0),
(630, 3, '手竿-黑坑竿套装', 0, 0, 0, NULL, '0.0000', 0),
(631, 3, '手竿-湖库竿套装', 0, 0, 0, NULL, '0.0000', 0),
(632, 3, '小配件-漂座套装', 0, 0, 0, NULL, '0.0000', 0),
(633, 3, '小配件-太空豆套装', 0, 0, 0, NULL, '0.0000', 0),
(634, 3, '装备-钓伞套装', 0, 0, 0, NULL, '0.0000', 0),
(635, 3, '装备-钓箱套装', 0, 0, 0, NULL, '0.0000', 0),
(636, 3, '装备-鱼护', 0, 0, 0, NULL, '0.0000', 0),
(637, 3, '配件-配节', 0, 0, 0, NULL, '0.0000', 0),
(638, 3, '毛绒小鸡仔', 0, 0, 0, NULL, '0.0000', 0),
(639, 3, '羽毛球拍（空拍）', 0, 0, 0, NULL, '0.0000', 0),
(640, 3, '羽毛球拍(已穿线）', 0, 0, 0, NULL, '0.0000', 0),
(641, 3, '网球拍（已穿线）', 0, 0, 0, NULL, '0.0000', 0),
(642, 3, '网球拍（空拍）', 0, 0, 0, NULL, '0.0000', 0),
(643, 3, '手胶', 0, 0, 0, NULL, '0.0000', 0),
(644, 3, '乒乓球拍', 0, 0, 0, NULL, '0.0000', 0),
(645, 3, '鞋刷', 0, -1, 0, NULL, '0.0000', 0),
(646, 3, '帽子围脖', 0, 0, 0, NULL, '0.0000', 0),
(647, 0, '渔具', 0, 0, 0, NULL, '1.0000', 0);

-- --------------------------------------------------------

--
-- 表的结构 `role`
--

CREATE TABLE `role` (
  `id` int(11) NOT NULL,
  `name` varchar(64) DEFAULT NULL,
  `remark` varchar(255) NOT NULL DEFAULT '' COMMENT '角色备注',
  `create_time` datetime NOT NULL DEFAULT CURRENT_TIMESTAMP,
  `update_time` datetime DEFAULT NULL
) ENGINE=InnoDB DEFAULT CHARSET=utf8;

--
-- 转存表中的数据 `role`
--

INSERT INTO `role` (`id`, `name`, `remark`, `create_time`, `update_time`) VALUES
(1, '超级管理员', '超级管理员的描述', '2019-09-30 09:18:18', '2020-11-02 19:26:07'),
(3, '修改下角色', 'sddsdsdsds', '2020-01-23 02:43:32', '2020-09-07 12:02:31');

-- --------------------------------------------------------

--
-- 表的结构 `role_menu`
--

CREATE TABLE `role_menu` (
  `id` int(11) NOT NULL,
  `role_id` int(11) DEFAULT NULL,
  `menu_id` int(11) DEFAULT NULL,
  `create_time` datetime DEFAULT CURRENT_TIMESTAMP,
  `update_time` datetime DEFAULT NULL
) ENGINE=InnoDB DEFAULT CHARSET=utf8;

--
-- 转存表中的数据 `role_menu`
--

INSERT INTO `role_menu` (`id`, `role_id`, `menu_id`, `create_time`, `update_time`) VALUES
(1021, 3, 23, NULL, NULL),
(1022, 3, 24, NULL, NULL),
(1023, 3, 25, NULL, NULL),
(1024, 3, 20, NULL, NULL),
(1025, 3, 21, NULL, NULL),
(2341, 1, 44, '2020-11-02 19:26:06', NULL),
(2342, 1, 45, '2020-11-02 19:26:06', NULL),
(2343, 1, 46, '2020-11-02 19:26:06', NULL),
(2344, 1, 47, '2020-11-02 19:26:06', NULL),
(2345, 1, 48, '2020-11-02 19:26:06', NULL),
(2346, 1, 49, '2020-11-02 19:26:06', NULL),
(2347, 1, 50, '2020-11-02 19:26:06', NULL),
(2348, 1, 51, '2020-11-02 19:26:06', NULL),
(2349, 1, 52, '2020-11-02 19:26:06', NULL),
(2350, 1, 53, '2020-11-02 19:26:06', NULL),
(2351, 1, 54, '2020-11-02 19:26:06', NULL),
(2352, 1, 55, '2020-11-02 19:26:06', NULL),
(2353, 1, 56, '2020-11-02 19:26:06', NULL),
(2354, 1, 57, '2020-11-02 19:26:06', NULL),
(2355, 1, 58, '2020-11-02 19:26:06', NULL),
(2356, 1, 59, '2020-11-02 19:26:06', NULL),
(2357, 1, 60, '2020-11-02 19:26:06', NULL),
(2358, 1, 61, '2020-11-02 19:26:06', NULL),
(2359, 1, 62, '2020-11-02 19:26:06', NULL),
(2360, 1, 63, '2020-11-02 19:26:06', NULL),
(2361, 1, 64, '2020-11-02 19:26:06', NULL),
(2362, 1, 1, '2020-11-02 19:26:06', NULL),
(2363, 1, 2, '2020-11-02 19:26:06', NULL),
(2364, 1, 3, '2020-11-02 19:26:06', NULL),
(2365, 1, 4, '2020-11-02 19:26:06', NULL),
(2366, 1, 6, '2020-11-02 19:26:06', NULL),
(2367, 1, 8, '2020-11-02 19:26:06', NULL),
(2368, 1, 9, '2020-11-02 19:26:06', NULL),
(2369, 1, 11, '2020-11-02 19:26:06', NULL),
(2370, 1, 12, '2020-11-02 19:26:06', NULL),
(2371, 1, 20, '2020-11-02 19:26:06', NULL),
(2372, 1, 21, '2020-11-02 19:26:06', NULL),
(2373, 1, 22, '2020-11-02 19:26:06', NULL),
(2374, 1, 23, '2020-11-02 19:26:06', NULL),
(2375, 1, 24, '2020-11-02 19:26:06', NULL),
(2376, 1, 25, '2020-11-02 19:26:06', NULL),
(2377, 1, 26, '2020-11-02 19:26:06', NULL),
(2378, 1, 27, '2020-11-02 19:26:06', NULL),
(2379, 1, 28, '2020-11-02 19:26:06', NULL),
(2380, 1, 29, '2020-11-02 19:26:06', NULL),
(2381, 1, 30, '2020-11-02 19:26:06', NULL),
(2382, 1, 31, '2020-11-02 19:26:06', NULL),
(2383, 1, 32, '2020-11-02 19:26:06', NULL),
(2384, 1, 33, '2020-11-02 19:26:06', NULL),
(2385, 1, 34, '2020-11-02 19:26:06', NULL),
(2386, 1, 35, '2020-11-02 19:26:06', NULL),
(2387, 1, 36, '2020-11-02 19:26:06', NULL),
(2388, 1, 37, '2020-11-02 19:26:06', NULL),
(2389, 1, 38, '2020-11-02 19:26:06', NULL),
(2390, 1, 39, '2020-11-02 19:26:06', NULL),
(2391, 1, 40, '2020-11-02 19:26:06', NULL),
(2392, 1, 41, '2020-11-02 19:26:06', NULL),
(2393, 1, 42, '2020-11-02 19:26:06', NULL),
(2394, 1, 43, '2020-11-02 19:26:06', NULL);

-- --------------------------------------------------------

--
-- 表的结构 `series`
--

CREATE TABLE `series` (
  `sid` int(11) NOT NULL,
  `name` varchar(100) NOT NULL,
  `status` tinyint(1) NOT NULL DEFAULT '1' COMMENT '状态：1 正常, 0 删除'
) ENGINE=InnoDB DEFAULT CHARSET=utf8;

--
-- 转存表中的数据 `series`
--

INSERT INTO `series` (`sid`, `name`, `status`) VALUES
(1, 'ALL STAR', 1),
(2, 'ONE STAR', 1),
(3, '儿童', 1),
(4, '青少年', 1),
(5, '大童', 1),
(6, '小童', 1),
(7, '跑步系列', 1),
(8, 'TH4B4L', 0),
(9, '运动', 1),
(10, '经典休闲', 1),
(11, '经典/加州', 1),
(12, '运动休闲/冲浪', 1),
(13, '阿迪东京系列', 1),
(14, '运动生活', 1),
(15, '111', 0),
(16, '运动休闲', 0),
(17, '生活系列', 1),
(18, '基础系列', 0),
(19, '基础系列', 1),
(20, '基础系列', 0),
(21, '生活系列', 0),
(22, '运动休闲', 1),
(23, '训练系列', 1),
(24, '凉鞋', 1),
(25, '袜子', 1),
(26, '足球', 1),
(27, '休闲', 1),
(28, 'CLASSICS系列', 0),
(29, '女下装', 1);

-- --------------------------------------------------------

--
-- 表的结构 `sys_dict`
--

CREATE TABLE `sys_dict` (
  `id` bigint(20) NOT NULL COMMENT 'ID',
  `name` varchar(255) NOT NULL COMMENT '字典名称',
  `description` varchar(255) DEFAULT NULL COMMENT '描述',
  `create_time` datetime DEFAULT NULL COMMENT '创建日期',
  `update_time` datetime DEFAULT NULL COMMENT '更新时间'
) ENGINE=InnoDB DEFAULT CHARSET=utf8 COMMENT='数据字典' ROW_FORMAT=COMPACT;

--
-- 转存表中的数据 `sys_dict`
--

INSERT INTO `sys_dict` (`id`, `name`, `description`, `create_time`, `update_time`) VALUES
(1, 'GeneralStatus', '通用状态', '2019-10-27 20:31:36', '2020-09-22 11:29:00');

-- --------------------------------------------------------

--
-- 表的结构 `sys_dict_detail`
--

CREATE TABLE `sys_dict_detail` (
  `id` bigint(20) NOT NULL COMMENT 'ID',
  `dict_id` bigint(11) DEFAULT NULL COMMENT '字典id',
  `label` varchar(255) NOT NULL COMMENT '字典标签',
  `value` varchar(255) NOT NULL COMMENT '字典值',
  `dict_sort` int(5) DEFAULT NULL COMMENT '排序',
  `create_time` datetime DEFAULT NULL COMMENT '创建日期',
  `update_time` datetime DEFAULT NULL COMMENT '更新时间'
) ENGINE=InnoDB DEFAULT CHARSET=utf8 COMMENT='数据字典详情' ROW_FORMAT=COMPACT;

--
-- 转存表中的数据 `sys_dict_detail`
--

INSERT INTO `sys_dict_detail` (`id`, `dict_id`, `label`, `value`, `dict_sort`, `create_time`, `update_time`) VALUES
(1, 1, '已删除', '-1', 1, '2019-10-27 20:31:36', '2020-09-22 11:32:30'),
(2, 1, '待审核', '0', 2, NULL, '2020-09-22 11:32:43'),
(3, 4, '启用', 'true', 1, NULL, NULL),
(4, 4, '停用', 'false', 2, '2019-10-27 20:31:36', NULL),
(5, 5, '启用', 'true', 1, NULL, NULL),
(6, 5, '停用', 'false', 2, '2019-10-27 20:31:36', NULL),
(7, 1, '正常', '1', 3, '2020-09-22 11:32:51', NULL);

-- --------------------------------------------------------

--
-- 表的结构 `task_job`
--

CREATE TABLE `task_job` (
  `id` bigint(20) NOT NULL COMMENT 'ID',
  `bean_name` varchar(255) DEFAULT NULL COMMENT 'Spring Bean名称',
  `cron_expression` varchar(255) DEFAULT NULL COMMENT 'cron 表达式',
  `is_pause` bit(1) DEFAULT NULL COMMENT '状态：1暂停、0启用',
  `job_name` varchar(255) DEFAULT NULL COMMENT '任务名称',
  `method_name` varchar(255) DEFAULT NULL COMMENT '方法名称',
  `params` varchar(255) DEFAULT NULL COMMENT '参数',
  `description` varchar(255) DEFAULT NULL COMMENT '备注',
  `is_pause_after_failure` bit(1) DEFAULT NULL COMMENT '任务失败后是否暂停',
  `create_time` datetime DEFAULT CURRENT_TIMESTAMP COMMENT '创建时间',
  `update_time` datetime DEFAULT NULL ON UPDATE CURRENT_TIMESTAMP COMMENT '更新时间'
) ENGINE=InnoDB DEFAULT CHARSET=utf8 COMMENT='定时任务' ROW_FORMAT=COMPACT;

--
-- 转存表中的数据 `task_job`
--

INSERT INTO `task_job` (`id`, `bean_name`, `cron_expression`, `is_pause`, `job_name`, `method_name`, `params`, `description`, `is_pause_after_failure`, `create_time`, `update_time`) VALUES
(1, 'testTask', '0/10 * * * * ?', b'1', '无参测试', 'run1', NULL, '无参测试', b'1', '2020-05-05 20:32:41', '2020-05-05 20:36:13'),
(2, 'testTask', '0/10 * * * * ?', b'1', '带参测试', 'run2', '[\"param1\",\"param2\",100]', '带参测试', b'0', '2019-08-22 14:08:29', '2020-05-05 17:26:19');

-- --------------------------------------------------------

--
-- 表的结构 `task_log`
--

CREATE TABLE `task_log` (
  `id` bigint(20) NOT NULL COMMENT 'ID',
  `bean_name` varchar(255) DEFAULT NULL,
  `create_time` datetime DEFAULT NULL,
  `cron_expression` varchar(255) DEFAULT NULL,
  `exception_detail` text,
  `is_success` bit(1) DEFAULT NULL,
  `job_name` varchar(255) DEFAULT NULL,
  `method_name` varchar(255) DEFAULT NULL,
  `params` varchar(255) DEFAULT NULL,
  `time` bigint(20) DEFAULT NULL
) ENGINE=InnoDB DEFAULT CHARSET=utf8 COMMENT='定时任务日志' ROW_FORMAT=COMPACT;

-- --------------------------------------------------------

--
-- 表的结构 `user`
--

CREATE TABLE `user` (
  `id` int(11) NOT NULL,
  `username` varchar(255) DEFAULT NULL COMMENT '用户名',
  `password` varchar(255) DEFAULT NULL COMMENT '密码',
  `name` varchar(32) DEFAULT NULL COMMENT '名字',
  `is_enabled` tinyint(1) DEFAULT '1',
  `avatar` varchar(255) DEFAULT NULL COMMENT '头像',
  `remark` varchar(255) DEFAULT NULL,
  `last_ip` varchar(24) NOT NULL DEFAULT '' COMMENT '最后登录ip',
  `last_login_time` datetime DEFAULT NULL COMMENT '最后登录时间',
  `create_time` datetime DEFAULT NULL,
  `update_time` datetime DEFAULT NULL
) ENGINE=InnoDB DEFAULT CHARSET=utf8;

--
-- 转存表中的数据 `user`
--

INSERT INTO `user` (`id`, `username`, `password`, `name`, `is_enabled`, `avatar`, `remark`, `last_ip`, `last_login_time`, `create_time`, `update_time`) VALUES
(1, 'admin', '$2a$10$IdBVdkPnuo8CDxvnFhCceuaddGNOa8zr.V8VwMfwFrxcST82UJTA.', '系统管理员', 1, '', '用户1的备注', '0:0:0:0:0:0:0:1', '2020-11-23 12:01:01', '2019-09-30 09:18:43', '2020-08-27 11:09:16'),
(5, 'libai', '$2a$10$3L5tkGXfwAcgIyzFOkcz8uZKZAZDc32geZZbTn03jZvVNpWkeHN1u', '李白2', 1, '', NULL, '0:0:0:0:0:0:0:1', '2020-10-29 16:01:56', '2019-09-30 09:18:43', '2020-10-29 15:59:55'),
(10, 'hanyu', '$2a$10$oE39aG10kB/rFu2vQeCJTu/V/v4n6DRR0f8WyXRiAYvBpmadoOBE.', '韩愈', 1, 'https://ss3.bdstatic.com/70cFv8Sh_Q1YnxGkpoWK1HF6hhy/it/u=1406745149,1563524794&fm=27&gp=0.jpg', NULL, '', NULL, '2019-09-30 09:18:43', '2020-09-01 16:58:01'),
(11, 'liuzongyuan', '$2a$10$oE39aG10kB/rFu2vQeCJTu/V/v4n6DRR0f8WyXRiAYvBpmadoOBE.', '柳宗元', 1, 'https://timgsa.baidu.com/timg?image&quality=80&size=b9999_10000&sec=1515233756&di=0856d923a0a37a87fd26604a2c871370&imgtype=jpg&er=1&src=http%3A%2F%2Fwww.qqzhi.com%2Fuploadpic%2F2014-09-27%2F041716704.jpg', NULL, '', NULL, '2019-09-30 09:18:43', '2020-09-01 16:57:50'),
(12, 'zenggong', '$2a$10$oE39aG10kB/rFu2vQeCJTu/V/v4n6DRR0f8WyXRiAYvBpmadoOBE.', '曾巩', 1, 'https://timgsa.baidu.com/timg?image&quality=80&size=b9999_10000&sec=1517070040185&di=be0375e0c3db6c311b837b28c208f318&imgtype=0&src=http%3A%2F%2Fimg2.soyoung.com%2Fpost%2F20150213%2F6%2F20150213141918532.jpg', NULL, '', NULL, '2019-09-30 09:18:43', '0000-00-00 00:00:00'),
(41, 'aaaa', '$2a$10$MkVqJskRrQJyM3qEdnfFWOZaNtz2636NjavetcW7OTibjZwIkojwO', '111111', 0, '', '密码 1111', '', NULL, '2020-02-02 11:54:52', '2020-08-13 16:15:32'),
(47, 'dsds', '$2a$10$bKz8XpYWnGgb..cg6lg3ZeOhD.edN6LBskFHATh8QLewfDeSn70xG', 'sdsd', 1, '', 'ssssssssss', '', NULL, '2020-02-03 18:28:19', '2020-02-09 14:38:53'),
(49, 'xiaobai', '$2a$10$Xa2R/Pb7n47v.PiQjm2ciuq8gnNcAbHr.feSS.qNOPB7FTbUKzjQG', 'xiaobai', 1, '', '', '0:0:0:0:0:0:0:1', '2020-10-29 15:52:21', '2020-08-13 16:14:57', '2020-10-29 15:51:18'),
(50, 'aaaaaaaa', '$2a$10$Pc3XzDPBKaa/S/PYRaHd5ez5vkQioLo./h1Ex0P5MMxB0YPVod5UC', 'aaaaaaaa', 1, '', '', '', NULL, '2020-09-07 14:41:40', '2020-09-07 15:31:04');

-- --------------------------------------------------------

--
-- 表的结构 `user_role`
--

CREATE TABLE `user_role` (
  `id` int(11) NOT NULL,
  `user_id` int(11) DEFAULT NULL,
  `role_id` int(11) DEFAULT NULL,
  `create_time` datetime DEFAULT NULL,
  `update_time` datetime DEFAULT NULL
) ENGINE=InnoDB DEFAULT CHARSET=utf8;

--
-- 转存表中的数据 `user_role`
--

INSERT INTO `user_role` (`id`, `user_id`, `role_id`, `create_time`, `update_time`) VALUES
(7, 1, 1, '2020-02-02 11:54:52', '0000-00-00 00:00:00'),
(31, 41, 1, '2020-08-13 16:15:32', '0000-00-00 00:00:00'),
(47, 50, 1, '2020-09-07 15:31:04', NULL),
(48, 50, 3, '2020-09-07 15:31:04', NULL),
(49, 49, 1, '2020-10-29 15:51:18', NULL),
(50, 5, 1, '2020-10-29 15:59:55', NULL),
(51, 5, 3, '2020-10-29 15:59:55', NULL);

--
-- Indexes for dumped tables
--

--
-- Indexes for table `article`
--
ALTER TABLE `article`
  ADD PRIMARY KEY (`id`,`status`) USING BTREE;

--
-- Indexes for table `article_category`
--
ALTER TABLE `article_category`
  ADD PRIMARY KEY (`id`);

--
-- Indexes for table `article_picture`
--
ALTER TABLE `article_picture`
  ADD PRIMARY KEY (`id`);

--
-- Indexes for table `code_column_config`
--
ALTER TABLE `code_column_config`
  ADD PRIMARY KEY (`id`) USING BTREE,
  ADD KEY `idx_table_name` (`table_name`);

--
-- Indexes for table `code_gen_config`
--
ALTER TABLE `code_gen_config`
  ADD PRIMARY KEY (`id`) USING BTREE,
  ADD KEY `idx_table_name` (`table_name`(100));

--
-- Indexes for table `config`
--
ALTER TABLE `config`
  ADD PRIMARY KEY (`id`),
  ADD UNIQUE KEY `code_UNIQUE` (`code`);

--
-- Indexes for table `demo`
--
ALTER TABLE `demo`
  ADD PRIMARY KEY (`id`) USING BTREE,
  ADD UNIQUE KEY `uni` (`uni`);

--
-- Indexes for table `file`
--
ALTER TABLE `file`
  ADD PRIMARY KEY (`id`) USING BTREE,
  ADD UNIQUE KEY `hash_code` (`hash_code`);

--
-- Indexes for table `log`
--
ALTER TABLE `log`
  ADD PRIMARY KEY (`id`) USING BTREE,
  ADD KEY `create_time` (`create_time`),
  ADD KEY `type` (`type`);

--
-- Indexes for table `menu`
--
ALTER TABLE `menu`
  ADD PRIMARY KEY (`id`),
  ADD KEY `parentId` (`parent_id`);

--
-- Indexes for table `product_cate`
--
ALTER TABLE `product_cate`
  ADD PRIMARY KEY (`cid`),
  ADD KEY `parent_cid` (`parent_cid`);

--
-- Indexes for table `role`
--
ALTER TABLE `role`
  ADD PRIMARY KEY (`id`);

--
-- Indexes for table `role_menu`
--
ALTER TABLE `role_menu`
  ADD PRIMARY KEY (`id`),
  ADD KEY `mid` (`menu_id`),
  ADD KEY `rid` (`role_id`);

--
-- Indexes for table `series`
--
ALTER TABLE `series`
  ADD PRIMARY KEY (`sid`);

--
-- Indexes for table `sys_dict`
--
ALTER TABLE `sys_dict`
  ADD PRIMARY KEY (`id`) USING BTREE;

--
-- Indexes for table `sys_dict_detail`
--
ALTER TABLE `sys_dict_detail`
  ADD PRIMARY KEY (`id`) USING BTREE,
  ADD KEY `FK5tpkputc6d9nboxojdbgnpmyb` (`dict_id`) USING BTREE;

--
-- Indexes for table `task_job`
--
ALTER TABLE `task_job`
  ADD PRIMARY KEY (`id`) USING BTREE,
  ADD KEY `is_pause` (`is_pause`) USING BTREE;

--
-- Indexes for table `task_log`
--
ALTER TABLE `task_log`
  ADD PRIMARY KEY (`id`) USING BTREE;

--
-- Indexes for table `user`
--
ALTER TABLE `user`
  ADD PRIMARY KEY (`id`),
  ADD UNIQUE KEY `username` (`username`);

--
-- Indexes for table `user_role`
--
ALTER TABLE `user_role`
  ADD PRIMARY KEY (`id`),
  ADD KEY `rid` (`role_id`),
  ADD KEY `hr_role_ibfk_1` (`user_id`);

--
-- 在导出的表使用AUTO_INCREMENT
--

--
-- 使用表AUTO_INCREMENT `article`
--
ALTER TABLE `article`
  MODIFY `id` bigint(20) UNSIGNED NOT NULL AUTO_INCREMENT, AUTO_INCREMENT=36;
--
-- 使用表AUTO_INCREMENT `article_category`
--
ALTER TABLE `article_category`
  MODIFY `id` bigint(20) UNSIGNED NOT NULL AUTO_INCREMENT, AUTO_INCREMENT=5;
--
-- 使用表AUTO_INCREMENT `article_picture`
--
ALTER TABLE `article_picture`
  MODIFY `id` int(10) UNSIGNED NOT NULL AUTO_INCREMENT, AUTO_INCREMENT=51;
--
-- 使用表AUTO_INCREMENT `code_column_config`
--
ALTER TABLE `code_column_config`
  MODIFY `id` bigint(20) NOT NULL AUTO_INCREMENT COMMENT 'ID', AUTO_INCREMENT=45;
--
-- 使用表AUTO_INCREMENT `code_gen_config`
--
ALTER TABLE `code_gen_config`
  MODIFY `id` bigint(20) NOT NULL AUTO_INCREMENT COMMENT 'ID', AUTO_INCREMENT=7;
--
-- 使用表AUTO_INCREMENT `config`
--
ALTER TABLE `config`
  MODIFY `id` int(10) UNSIGNED NOT NULL AUTO_INCREMENT, AUTO_INCREMENT=5;
--
-- 使用表AUTO_INCREMENT `demo`
--
ALTER TABLE `demo`
  MODIFY `id` bigint(20) NOT NULL AUTO_INCREMENT, AUTO_INCREMENT=32;
--
-- 使用表AUTO_INCREMENT `file`
--
ALTER TABLE `file`
  MODIFY `id` bigint(20) UNSIGNED NOT NULL AUTO_INCREMENT COMMENT 'ID', AUTO_INCREMENT=9;
--
-- 使用表AUTO_INCREMENT `log`
--
ALTER TABLE `log`
  MODIFY `id` bigint(20) UNSIGNED NOT NULL AUTO_INCREMENT COMMENT 'ID';
--
-- 使用表AUTO_INCREMENT `menu`
--
ALTER TABLE `menu`
  MODIFY `id` int(11) NOT NULL AUTO_INCREMENT, AUTO_INCREMENT=65;
--
-- 使用表AUTO_INCREMENT `product_cate`
--
ALTER TABLE `product_cate`
  MODIFY `cid` bigint(20) UNSIGNED NOT NULL AUTO_INCREMENT COMMENT '类目编号,自增', AUTO_INCREMENT=648;
--
-- 使用表AUTO_INCREMENT `role`
--
ALTER TABLE `role`
  MODIFY `id` int(11) NOT NULL AUTO_INCREMENT, AUTO_INCREMENT=4;
--
-- 使用表AUTO_INCREMENT `role_menu`
--
ALTER TABLE `role_menu`
  MODIFY `id` int(11) NOT NULL AUTO_INCREMENT, AUTO_INCREMENT=2395;
--
-- 使用表AUTO_INCREMENT `series`
--
ALTER TABLE `series`
  MODIFY `sid` int(11) NOT NULL AUTO_INCREMENT, AUTO_INCREMENT=30;
--
-- 使用表AUTO_INCREMENT `sys_dict`
--
ALTER TABLE `sys_dict`
  MODIFY `id` bigint(20) NOT NULL AUTO_INCREMENT COMMENT 'ID', AUTO_INCREMENT=2;
--
-- 使用表AUTO_INCREMENT `sys_dict_detail`
--
ALTER TABLE `sys_dict_detail`
  MODIFY `id` bigint(20) NOT NULL AUTO_INCREMENT COMMENT 'ID', AUTO_INCREMENT=8;
--
-- 使用表AUTO_INCREMENT `task_job`
--
ALTER TABLE `task_job`
  MODIFY `id` bigint(20) NOT NULL AUTO_INCREMENT COMMENT 'ID', AUTO_INCREMENT=3;
--
-- 使用表AUTO_INCREMENT `task_log`
--
ALTER TABLE `task_log`
  MODIFY `id` bigint(20) NOT NULL AUTO_INCREMENT COMMENT 'ID';
--
-- 使用表AUTO_INCREMENT `user`
--
ALTER TABLE `user`
  MODIFY `id` int(11) NOT NULL AUTO_INCREMENT, AUTO_INCREMENT=51;
--
-- 使用表AUTO_INCREMENT `user_role`
--
ALTER TABLE `user_role`
  MODIFY `id` int(11) NOT NULL AUTO_INCREMENT, AUTO_INCREMENT=52;--
-- Database: `esjadmin_quartz`
--
CREATE DATABASE IF NOT EXISTS `esjadmin_quartz` DEFAULT CHARACTER SET utf8 COLLATE utf8_general_ci;
USE `esjadmin_quartz`;

-- --------------------------------------------------------

--
-- 表的结构 `qrtz_blob_triggers`
--

CREATE TABLE `qrtz_blob_triggers` (
  `SCHED_NAME` varchar(120) NOT NULL,
  `TRIGGER_NAME` varchar(200) NOT NULL,
  `TRIGGER_GROUP` varchar(200) NOT NULL,
  `BLOB_DATA` blob
) ENGINE=InnoDB DEFAULT CHARSET=utf8;

-- --------------------------------------------------------

--
-- 表的结构 `qrtz_calendars`
--

CREATE TABLE `qrtz_calendars` (
  `SCHED_NAME` varchar(120) NOT NULL,
  `CALENDAR_NAME` varchar(200) NOT NULL,
  `CALENDAR` blob NOT NULL
) ENGINE=InnoDB DEFAULT CHARSET=utf8;

-- --------------------------------------------------------

--
-- 表的结构 `qrtz_cron_triggers`
--

CREATE TABLE `qrtz_cron_triggers` (
  `SCHED_NAME` varchar(120) NOT NULL,
  `TRIGGER_NAME` varchar(200) NOT NULL,
  `TRIGGER_GROUP` varchar(200) NOT NULL,
  `CRON_EXPRESSION` varchar(120) NOT NULL,
  `TIME_ZONE_ID` varchar(80) DEFAULT NULL
) ENGINE=InnoDB DEFAULT CHARSET=utf8;

-- --------------------------------------------------------

--
-- 表的结构 `qrtz_fired_triggers`
--

CREATE TABLE `qrtz_fired_triggers` (
  `SCHED_NAME` varchar(120) NOT NULL,
  `ENTRY_ID` varchar(95) NOT NULL,
  `TRIGGER_NAME` varchar(200) NOT NULL,
  `TRIGGER_GROUP` varchar(200) NOT NULL,
  `INSTANCE_NAME` varchar(200) NOT NULL,
  `FIRED_TIME` bigint(13) NOT NULL,
  `SCHED_TIME` bigint(13) NOT NULL,
  `PRIORITY` int(11) NOT NULL,
  `STATE` varchar(16) NOT NULL,
  `JOB_NAME` varchar(200) DEFAULT NULL,
  `JOB_GROUP` varchar(200) DEFAULT NULL,
  `IS_NONCONCURRENT` varchar(1) DEFAULT NULL,
  `REQUESTS_RECOVERY` varchar(1) DEFAULT NULL
) ENGINE=InnoDB DEFAULT CHARSET=utf8;

-- --------------------------------------------------------

--
-- 表的结构 `qrtz_job_details`
--

CREATE TABLE `qrtz_job_details` (
  `SCHED_NAME` varchar(120) NOT NULL,
  `JOB_NAME` varchar(200) NOT NULL,
  `JOB_GROUP` varchar(200) NOT NULL,
  `DESCRIPTION` varchar(250) DEFAULT NULL,
  `JOB_CLASS_NAME` varchar(250) NOT NULL,
  `IS_DURABLE` varchar(1) NOT NULL,
  `IS_NONCONCURRENT` varchar(1) NOT NULL,
  `IS_UPDATE_DATA` varchar(1) NOT NULL,
  `REQUESTS_RECOVERY` varchar(1) NOT NULL,
  `JOB_DATA` blob
) ENGINE=InnoDB DEFAULT CHARSET=utf8;

-- --------------------------------------------------------

--
-- 表的结构 `qrtz_locks`
--

CREATE TABLE `qrtz_locks` (
  `SCHED_NAME` varchar(120) NOT NULL,
  `LOCK_NAME` varchar(40) NOT NULL
) ENGINE=InnoDB DEFAULT CHARSET=utf8;

--
-- 转存表中的数据 `qrtz_locks`
--

INSERT INTO `qrtz_locks` (`SCHED_NAME`, `LOCK_NAME`) VALUES
('MyScheduler', 'STATE_ACCESS'),
('MyScheduler', 'TRIGGER_ACCESS');

-- --------------------------------------------------------

--
-- 表的结构 `qrtz_paused_trigger_grps`
--

CREATE TABLE `qrtz_paused_trigger_grps` (
  `SCHED_NAME` varchar(120) NOT NULL,
  `TRIGGER_GROUP` varchar(200) NOT NULL
) ENGINE=InnoDB DEFAULT CHARSET=utf8;

-- --------------------------------------------------------

--
-- 表的结构 `qrtz_scheduler_state`
--

CREATE TABLE `qrtz_scheduler_state` (
  `SCHED_NAME` varchar(120) NOT NULL,
  `INSTANCE_NAME` varchar(200) NOT NULL,
  `LAST_CHECKIN_TIME` bigint(13) NOT NULL,
  `CHECKIN_INTERVAL` bigint(13) NOT NULL
) ENGINE=InnoDB DEFAULT CHARSET=utf8;

--
-- 转存表中的数据 `qrtz_scheduler_state`
--

INSERT INTO `qrtz_scheduler_state` (`SCHED_NAME`, `INSTANCE_NAME`, `LAST_CHECKIN_TIME`, `CHECKIN_INTERVAL`) VALUES
('MyScheduler', 'MacBook-Pro-2.lan1606102152238', 1606114388110, 10000);

-- --------------------------------------------------------

--
-- 表的结构 `qrtz_simple_triggers`
--

CREATE TABLE `qrtz_simple_triggers` (
  `SCHED_NAME` varchar(120) NOT NULL,
  `TRIGGER_NAME` varchar(200) NOT NULL,
  `TRIGGER_GROUP` varchar(200) NOT NULL,
  `REPEAT_COUNT` bigint(7) NOT NULL,
  `REPEAT_INTERVAL` bigint(12) NOT NULL,
  `TIMES_TRIGGERED` bigint(10) NOT NULL
) ENGINE=InnoDB DEFAULT CHARSET=utf8;

-- --------------------------------------------------------

--
-- 表的结构 `qrtz_simprop_triggers`
--

CREATE TABLE `qrtz_simprop_triggers` (
  `SCHED_NAME` varchar(120) NOT NULL,
  `TRIGGER_NAME` varchar(200) NOT NULL,
  `TRIGGER_GROUP` varchar(200) NOT NULL,
  `STR_PROP_1` varchar(512) DEFAULT NULL,
  `STR_PROP_2` varchar(512) DEFAULT NULL,
  `STR_PROP_3` varchar(512) DEFAULT NULL,
  `INT_PROP_1` int(11) DEFAULT NULL,
  `INT_PROP_2` int(11) DEFAULT NULL,
  `LONG_PROP_1` bigint(20) DEFAULT NULL,
  `LONG_PROP_2` bigint(20) DEFAULT NULL,
  `DEC_PROP_1` decimal(13,4) DEFAULT NULL,
  `DEC_PROP_2` decimal(13,4) DEFAULT NULL,
  `BOOL_PROP_1` varchar(1) DEFAULT NULL,
  `BOOL_PROP_2` varchar(1) DEFAULT NULL
) ENGINE=InnoDB DEFAULT CHARSET=utf8;

-- --------------------------------------------------------

--
-- 表的结构 `qrtz_triggers`
--

CREATE TABLE `qrtz_triggers` (
  `SCHED_NAME` varchar(120) NOT NULL,
  `TRIGGER_NAME` varchar(200) NOT NULL,
  `TRIGGER_GROUP` varchar(200) NOT NULL,
  `JOB_NAME` varchar(200) NOT NULL,
  `JOB_GROUP` varchar(200) NOT NULL,
  `DESCRIPTION` varchar(250) DEFAULT NULL,
  `NEXT_FIRE_TIME` bigint(13) DEFAULT NULL,
  `PREV_FIRE_TIME` bigint(13) DEFAULT NULL,
  `PRIORITY` int(11) DEFAULT NULL,
  `TRIGGER_STATE` varchar(16) NOT NULL,
  `TRIGGER_TYPE` varchar(8) NOT NULL,
  `START_TIME` bigint(13) NOT NULL,
  `END_TIME` bigint(13) DEFAULT NULL,
  `CALENDAR_NAME` varchar(200) DEFAULT NULL,
  `MISFIRE_INSTR` smallint(2) DEFAULT NULL,
  `JOB_DATA` blob
) ENGINE=InnoDB DEFAULT CHARSET=utf8;

--
-- Indexes for dumped tables
--

--
-- Indexes for table `qrtz_blob_triggers`
--
ALTER TABLE `qrtz_blob_triggers`
  ADD PRIMARY KEY (`SCHED_NAME`,`TRIGGER_NAME`,`TRIGGER_GROUP`),
  ADD KEY `SCHED_NAME` (`SCHED_NAME`,`TRIGGER_NAME`,`TRIGGER_GROUP`);

--
-- Indexes for table `qrtz_calendars`
--
ALTER TABLE `qrtz_calendars`
  ADD PRIMARY KEY (`SCHED_NAME`,`CALENDAR_NAME`);

--
-- Indexes for table `qrtz_cron_triggers`
--
ALTER TABLE `qrtz_cron_triggers`
  ADD PRIMARY KEY (`SCHED_NAME`,`TRIGGER_NAME`,`TRIGGER_GROUP`);

--
-- Indexes for table `qrtz_fired_triggers`
--
ALTER TABLE `qrtz_fired_triggers`
  ADD PRIMARY KEY (`SCHED_NAME`,`ENTRY_ID`),
  ADD KEY `IDX_QRTZ_FT_TRIG_INST_NAME` (`SCHED_NAME`,`INSTANCE_NAME`),
  ADD KEY `IDX_QRTZ_FT_INST_JOB_REQ_RCVRY` (`SCHED_NAME`,`INSTANCE_NAME`,`REQUESTS_RECOVERY`),
  ADD KEY `IDX_QRTZ_FT_J_G` (`SCHED_NAME`,`JOB_NAME`,`JOB_GROUP`),
  ADD KEY `IDX_QRTZ_FT_JG` (`SCHED_NAME`,`JOB_GROUP`),
  ADD KEY `IDX_QRTZ_FT_T_G` (`SCHED_NAME`,`TRIGGER_NAME`,`TRIGGER_GROUP`),
  ADD KEY `IDX_QRTZ_FT_TG` (`SCHED_NAME`,`TRIGGER_GROUP`);

--
-- Indexes for table `qrtz_job_details`
--
ALTER TABLE `qrtz_job_details`
  ADD PRIMARY KEY (`SCHED_NAME`,`JOB_NAME`,`JOB_GROUP`),
  ADD KEY `IDX_QRTZ_J_REQ_RECOVERY` (`SCHED_NAME`,`REQUESTS_RECOVERY`),
  ADD KEY `IDX_QRTZ_J_GRP` (`SCHED_NAME`,`JOB_GROUP`);

--
-- Indexes for table `qrtz_locks`
--
ALTER TABLE `qrtz_locks`
  ADD PRIMARY KEY (`SCHED_NAME`,`LOCK_NAME`);

--
-- Indexes for table `qrtz_paused_trigger_grps`
--
ALTER TABLE `qrtz_paused_trigger_grps`
  ADD PRIMARY KEY (`SCHED_NAME`,`TRIGGER_GROUP`);

--
-- Indexes for table `qrtz_scheduler_state`
--
ALTER TABLE `qrtz_scheduler_state`
  ADD PRIMARY KEY (`SCHED_NAME`,`INSTANCE_NAME`);

--
-- Indexes for table `qrtz_simple_triggers`
--
ALTER TABLE `qrtz_simple_triggers`
  ADD PRIMARY KEY (`SCHED_NAME`,`TRIGGER_NAME`,`TRIGGER_GROUP`);

--
-- Indexes for table `qrtz_simprop_triggers`
--
ALTER TABLE `qrtz_simprop_triggers`
  ADD PRIMARY KEY (`SCHED_NAME`,`TRIGGER_NAME`,`TRIGGER_GROUP`);

--
-- Indexes for table `qrtz_triggers`
--
ALTER TABLE `qrtz_triggers`
  ADD PRIMARY KEY (`SCHED_NAME`,`TRIGGER_NAME`,`TRIGGER_GROUP`),
  ADD KEY `IDX_QRTZ_T_J` (`SCHED_NAME`,`JOB_NAME`,`JOB_GROUP`),
  ADD KEY `IDX_QRTZ_T_JG` (`SCHED_NAME`,`JOB_GROUP`),
  ADD KEY `IDX_QRTZ_T_C` (`SCHED_NAME`,`CALENDAR_NAME`),
  ADD KEY `IDX_QRTZ_T_G` (`SCHED_NAME`,`TRIGGER_GROUP`),
  ADD KEY `IDX_QRTZ_T_STATE` (`SCHED_NAME`,`TRIGGER_STATE`),
  ADD KEY `IDX_QRTZ_T_N_STATE` (`SCHED_NAME`,`TRIGGER_NAME`,`TRIGGER_GROUP`,`TRIGGER_STATE`),
  ADD KEY `IDX_QRTZ_T_N_G_STATE` (`SCHED_NAME`,`TRIGGER_GROUP`,`TRIGGER_STATE`),
  ADD KEY `IDX_QRTZ_T_NEXT_FIRE_TIME` (`SCHED_NAME`,`NEXT_FIRE_TIME`),
  ADD KEY `IDX_QRTZ_T_NFT_ST` (`SCHED_NAME`,`TRIGGER_STATE`,`NEXT_FIRE_TIME`),
  ADD KEY `IDX_QRTZ_T_NFT_MISFIRE` (`SCHED_NAME`,`MISFIRE_INSTR`,`NEXT_FIRE_TIME`),
  ADD KEY `IDX_QRTZ_T_NFT_ST_MISFIRE` (`SCHED_NAME`,`MISFIRE_INSTR`,`NEXT_FIRE_TIME`,`TRIGGER_STATE`),
  ADD KEY `IDX_QRTZ_T_NFT_ST_MISFIRE_GRP` (`SCHED_NAME`,`MISFIRE_INSTR`,`NEXT_FIRE_TIME`,`TRIGGER_GROUP`,`TRIGGER_STATE`);

--
-- 限制导出的表
--

--
-- 限制表 `qrtz_blob_triggers`
--
ALTER TABLE `qrtz_blob_triggers`
  ADD CONSTRAINT `qrtz_blob_triggers_ibfk_1` FOREIGN KEY (`SCHED_NAME`,`TRIGGER_NAME`,`TRIGGER_GROUP`) REFERENCES `qrtz_triggers` (`SCHED_NAME`, `TRIGGER_NAME`, `TRIGGER_GROUP`);

--
-- 限制表 `qrtz_cron_triggers`
--
ALTER TABLE `qrtz_cron_triggers`
  ADD CONSTRAINT `qrtz_cron_triggers_ibfk_1` FOREIGN KEY (`SCHED_NAME`,`TRIGGER_NAME`,`TRIGGER_GROUP`) REFERENCES `qrtz_triggers` (`SCHED_NAME`, `TRIGGER_NAME`, `TRIGGER_GROUP`);

--
-- 限制表 `qrtz_simple_triggers`
--
ALTER TABLE `qrtz_simple_triggers`
  ADD CONSTRAINT `qrtz_simple_triggers_ibfk_1` FOREIGN KEY (`SCHED_NAME`,`TRIGGER_NAME`,`TRIGGER_GROUP`) REFERENCES `qrtz_triggers` (`SCHED_NAME`, `TRIGGER_NAME`, `TRIGGER_GROUP`);

--
-- 限制表 `qrtz_simprop_triggers`
--
ALTER TABLE `qrtz_simprop_triggers`
  ADD CONSTRAINT `qrtz_simprop_triggers_ibfk_1` FOREIGN KEY (`SCHED_NAME`,`TRIGGER_NAME`,`TRIGGER_GROUP`) REFERENCES `qrtz_triggers` (`SCHED_NAME`, `TRIGGER_NAME`, `TRIGGER_GROUP`);

--
-- 限制表 `qrtz_triggers`
--
ALTER TABLE `qrtz_triggers`
  ADD CONSTRAINT `qrtz_triggers_ibfk_1` FOREIGN KEY (`SCHED_NAME`,`JOB_NAME`,`JOB_GROUP`) REFERENCES `qrtz_job_details` (`SCHED_NAME`, `JOB_NAME`, `JOB_GROUP`);

/*!40101 SET CHARACTER_SET_CLIENT=@OLD_CHARACTER_SET_CLIENT */;
/*!40101 SET CHARACTER_SET_RESULTS=@OLD_CHARACTER_SET_RESULTS */;
/*!40101 SET COLLATION_CONNECTION=@OLD_COLLATION_CONNECTION */;
